schema_version,backend,operation,alphabet,padding,input_len,target_arch,target_os,median_throughput_mib_s,scalar_median_throughput_mib_s,ratio_to_scalar,status
1,auto,decode,standard,padded,1,x86_64,linux,69.540093,103.977954,0.668797,non-admissible-below-scalar
1,auto,decode,standard,padded,1024,x86_64,linux,144.139476,309.596908,0.465571,non-admissible-below-scalar
1,avx2,decode,standard,padded,1024,x86_64,linux,112.578335,309.596908,0.363629,non-admissible-below-scalar
1,avx512-vbmi,decode,standard,padded,1024,x86_64,linux,143.977835,309.596908,0.465049,non-admissible-below-scalar
1,ssse3-sse4.1,decode,standard,padded,1024,x86_64,linux,79.411004,309.596908,0.256498,non-admissible-below-scalar
1,auto,decode,standard,padded,11,x86_64,linux,64.127664,276.273331,0.232117,non-admissible-below-scalar
1,auto,decode,standard,padded,12,x86_64,linux,70.859133,289.215341,0.245005,non-admissible-below-scalar
1,ssse3-sse4.1,decode,standard,padded,12,x86_64,linux,71.686221,289.215341,0.247865,non-admissible-below-scalar
1,auto,decode,standard,padded,15,x86_64,linux,81.793612,294.881295,0.277378,non-admissible-below-scalar
1,ssse3-sse4.1,decode,standard,padded,15,x86_64,linux,82.697586,294.881295,0.280444,non-admissible-below-scalar
1,auto,decode,standard,padded,16,x86_64,linux,82.409109,284.236984,0.289931,non-admissible-below-scalar
1,ssse3-sse4.1,decode,standard,padded,16,x86_64,linux,83.780449,284.236984,0.294756,non-admissible-below-scalar
1,auto,decode,standard,padded,2,x86_64,linux,121.759403,170.392247,0.714583,non-admissible-below-scalar
1,auto,decode,standard,padded,23,x86_64,linux,96.672094,286.511541,0.337411,non-admissible-below-scalar
1,ssse3-sse4.1,decode,standard,padded,23,x86_64,linux,69.442895,286.511541,0.242374,non-admissible-below-scalar
1,auto,decode,standard,padded,24,x86_64,linux,103.533836,301.593747,0.343289,non-admissible-below-scalar
1,avx2,decode,standard,padded,24,x86_64,linux,104.999324,301.593747,0.348148,non-admissible-below-scalar
1,ssse3-sse4.1,decode,standard,padded,24,x86_64,linux,74.430106,301.593747,0.246789,non-admissible-below-scalar
1,auto,decode,standard,padded,3,x86_64,linux,161.945651,220.180370,0.735514,non-admissible-below-scalar
1,auto,decode,standard,padded,31,x86_64,linux,115.075680,278.205291,0.413636,non-admissible-below-scalar
1,avx2,decode,standard,padded,31,x86_64,linux,117.848118,278.205291,0.423601,non-admissible-below-scalar
1,ssse3-sse4.1,decode,standard,padded,31,x86_64,linux,87.115110,278.205291,0.313132,non-admissible-below-scalar
1,auto,decode,standard,padded,32,x86_64,linux,118.831774,278.708676,0.426366,non-admissible-below-scalar
1,avx2,decode,standard,padded,32,x86_64,linux,119.299282,278.708676,0.428043,non-admissible-below-scalar
1,ssse3-sse4.1,decode,standard,padded,32,x86_64,linux,88.707819,278.708676,0.318282,non-admissible-below-scalar
1,auto,decode,standard,padded,47,x86_64,linux,134.388553,304.176709,0.441811,non-admissible-below-scalar
1,avx2,decode,standard,padded,47,x86_64,linux,104.550068,304.176709,0.343715,non-admissible-below-scalar
1,ssse3-sse4.1,decode,standard,padded,47,x86_64,linux,74.047463,304.176709,0.243436,non-admissible-below-scalar
1,auto,decode,standard,padded,48,x86_64,linux,137.603760,307.296849,0.447788,non-admissible-below-scalar
1,avx2,decode,standard,padded,48,x86_64,linux,107.753406,307.296849,0.350649,non-admissible-below-scalar
1,avx512-vbmi,decode,standard,padded,48,x86_64,linux,141.363889,307.296849,0.460024,non-admissible-below-scalar
1,ssse3-sse4.1,decode,standard,padded,48,x86_64,linux,74.429160,307.296849,0.242206,non-admissible-below-scalar
1,auto,decode,standard,padded,63,x86_64,linux,116.323762,316.336460,0.367722,non-admissible-below-scalar
1,avx2,decode,standard,padded,63,x86_64,linux,98.783067,316.336460,0.312272,non-admissible-below-scalar
1,avx512-vbmi,decode,standard,padded,63,x86_64,linux,117.630724,316.336460,0.371853,non-admissible-below-scalar
1,ssse3-sse4.1,decode,standard,padded,63,x86_64,linux,79.331383,316.336460,0.250782,non-admissible-below-scalar
1,auto,decode,standard,padded,64,x86_64,linux,115.363036,292.930171,0.393824,non-admissible-below-scalar
1,avx2,decode,standard,padded,64,x86_64,linux,97.785921,292.930171,0.333820,non-admissible-below-scalar
1,avx512-vbmi,decode,standard,padded,64,x86_64,linux,116.345586,292.930171,0.397179,non-admissible-below-scalar
1,ssse3-sse4.1,decode,standard,padded,64,x86_64,linux,80.117807,292.930171,0.273505,non-admissible-below-scalar
1,auto,decode,standard,padded,65536,x86_64,linux,146.710184,311.681636,0.470705,non-admissible-below-scalar
1,avx2,decode,standard,padded,65536,x86_64,linux,113.412484,311.681636,0.363873,non-admissible-below-scalar
1,avx512-vbmi,decode,standard,padded,65536,x86_64,linux,148.403175,311.681636,0.476137,non-admissible-below-scalar
1,ssse3-sse4.1,decode,standard,padded,65536,x86_64,linux,78.853551,311.681636,0.252994,non-admissible-below-scalar
1,auto,decode,standard,unpadded,1,x86_64,linux,72.574601,115.528981,0.628194,non-admissible-below-scalar
1,auto,decode,standard,unpadded,1024,x86_64,linux,148.348978,289.991261,0.511564,non-admissible-below-scalar
1,avx2,decode,standard,unpadded,1024,x86_64,linux,115.326314,289.991261,0.397689,non-admissible-below-scalar
1,avx512-vbmi,decode,standard,unpadded,1024,x86_64,linux,148.519914,289.991261,0.512153,non-admissible-below-scalar
1,ssse3-sse4.1,decode,standard,unpadded,1024,x86_64,linux,79.966992,289.991261,0.275757,non-admissible-below-scalar
1,auto,decode,standard,unpadded,11,x86_64,linux,235.851238,260.711059,0.904646,non-admissible-below-scalar
1,auto,decode,standard,unpadded,12,x86_64,linux,69.150203,268.538535,0.257506,non-admissible-below-scalar
1,ssse3-sse4.1,decode,standard,unpadded,12,x86_64,linux,70.328356,268.538535,0.261893,non-admissible-below-scalar
1,auto,decode,standard,unpadded,15,x86_64,linux,81.158577,275.015281,0.295106,non-admissible-below-scalar
1,ssse3-sse4.1,decode,standard,unpadded,15,x86_64,linux,82.228286,275.015281,0.298995,non-admissible-below-scalar
1,auto,decode,standard,unpadded,16,x86_64,linux,83.732775,270.930912,0.309056,non-admissible-below-scalar
1,ssse3-sse4.1,decode,standard,unpadded,16,x86_64,linux,84.888548,270.930912,0.313322,non-admissible-below-scalar
1,auto,decode,standard,unpadded,2,x86_64,linux,130.664952,184.786919,0.707111,non-admissible-below-scalar
1,auto,decode,standard,unpadded,23,x86_64,linux,105.903621,279.030432,0.379541,non-admissible-below-scalar
1,ssse3-sse4.1,decode,standard,unpadded,23,x86_64,linux,103.730288,279.030432,0.371753,non-admissible-below-scalar
1,auto,decode,standard,unpadded,24,x86_64,linux,102.794741,280.860783,0.365999,non-admissible-below-scalar
1,avx2,decode,standard,unpadded,24,x86_64,linux,105.549319,280.860783,0.375807,non-admissible-below-scalar
1,ssse3-sse4.1,decode,standard,unpadded,24,x86_64,linux,75.278692,280.860783,0.268028,non-admissible-below-scalar
1,auto,decode,standard,unpadded,3,x86_64,linux,153.921516,202.582105,0.759798,non-admissible-below-scalar
1,auto,decode,standard,unpadded,31,x86_64,linux,118.088076,281.457323,0.419559,non-admissible-below-scalar
1,avx2,decode,standard,unpadded,31,x86_64,linux,119.618988,281.457323,0.424999,non-admissible-below-scalar
1,ssse3-sse4.1,decode,standard,unpadded,31,x86_64,linux,88.040706,281.457323,0.312803,non-admissible-below-scalar
1,auto,decode,standard,unpadded,32,x86_64,linux,120.313502,281.670160,0.427143,non-admissible-below-scalar
1,avx2,decode,standard,unpadded,32,x86_64,linux,122.122559,281.670160,0.433566,non-admissible-below-scalar
1,ssse3-sse4.1,decode,standard,unpadded,32,x86_64,linux,89.219898,281.670160,0.316753,non-admissible-below-scalar
1,auto,decode,standard,unpadded,47,x86_64,linux,103.499763,286.497822,0.361258,non-admissible-below-scalar
1,avx2,decode,standard,unpadded,47,x86_64,linux,104.195757,286.497822,0.363688,non-admissible-below-scalar
1,ssse3-sse4.1,decode,standard,unpadded,47,x86_64,linux,90.637841,286.497822,0.316365,non-admissible-below-scalar
1,auto,decode,standard,unpadded,48,x86_64,linux,141.206417,286.152183,0.493466,non-admissible-below-scalar
1,avx2,decode,standard,unpadded,48,x86_64,linux,106.450130,286.152183,0.372005,non-admissible-below-scalar
1,avx512-vbmi,decode,standard,unpadded,48,x86_64,linux,138.871751,286.152183,0.485307,non-admissible-below-scalar
1,ssse3-sse4.1,decode,standard,unpadded,48,x86_64,linux,74.964214,286.152183,0.261973,non-admissible-below-scalar
1,auto,decode,standard,unpadded,63,x86_64,linux,118.114210,287.110203,0.411390,non-admissible-below-scalar
1,avx2,decode,standard,unpadded,63,x86_64,linux,100.166520,287.110203,0.348878,non-admissible-below-scalar
1,avx512-vbmi,decode,standard,unpadded,63,x86_64,linux,118.600140,287.110203,0.413082,non-admissible-below-scalar
1,ssse3-sse4.1,decode,standard,unpadded,63,x86_64,linux,79.693531,287.110203,0.277571,non-admissible-below-scalar
1,auto,decode,standard,unpadded,64,x86_64,linux,118.981888,285.347840,0.416971,non-admissible-below-scalar
1,avx2,decode,standard,unpadded,64,x86_64,linux,100.965769,285.347840,0.353834,non-admissible-below-scalar
1,avx512-vbmi,decode,standard,unpadded,64,x86_64,linux,118.176753,285.347840,0.414150,non-admissible-below-scalar
1,ssse3-sse4.1,decode,standard,unpadded,64,x86_64,linux,80.423439,285.347840,0.281844,non-admissible-below-scalar
1,auto,decode,standard,unpadded,65536,x86_64,linux,151.681479,292.491357,0.518584,non-admissible-below-scalar
1,avx2,decode,standard,unpadded,65536,x86_64,linux,115.958910,292.491357,0.396452,non-admissible-below-scalar
1,avx512-vbmi,decode,standard,unpadded,65536,x86_64,linux,148.140946,292.491357,0.506480,non-admissible-below-scalar
1,ssse3-sse4.1,decode,standard,unpadded,65536,x86_64,linux,79.863169,292.491357,0.273045,non-admissible-below-scalar
1,auto,decode,url-safe,padded,1,x86_64,linux,69.948343,104.779973,0.667574,non-admissible-below-scalar
1,auto,decode,url-safe,padded,1024,x86_64,linux,145.534220,310.286868,0.469031,non-admissible-below-scalar
1,avx2,decode,url-safe,padded,1024,x86_64,linux,113.030172,310.286868,0.364276,non-admissible-below-scalar
1,avx512-vbmi,decode,url-safe,padded,1024,x86_64,linux,145.353557,310.286868,0.468449,non-admissible-below-scalar
1,ssse3-sse4.1,decode,url-safe,padded,1024,x86_64,linux,79.801823,310.286868,0.257187,non-admissible-below-scalar
1,auto,decode,url-safe,padded,11,x86_64,linux,64.541617,275.081051,0.234628,non-admissible-below-scalar
1,auto,decode,url-safe,padded,12,x86_64,linux,70.475683,289.113504,0.243765,non-admissible-below-scalar
1,ssse3-sse4.1,decode,url-safe,padded,12,x86_64,linux,70.487703,289.113504,0.243806,non-admissible-below-scalar
1,auto,decode,url-safe,padded,15,x86_64,linux,80.804008,295.686254,0.273276,non-admissible-below-scalar
1,ssse3-sse4.1,decode,url-safe,padded,15,x86_64,linux,82.256608,295.686254,0.278189,non-admissible-below-scalar
1,auto,decode,url-safe,padded,16,x86_64,linux,82.724868,284.219566,0.291060,non-admissible-below-scalar
1,ssse3-sse4.1,decode,url-safe,padded,16,x86_64,linux,83.351123,284.219566,0.293263,non-admissible-below-scalar
1,auto,decode,url-safe,padded,2,x86_64,linux,122.768295,172.104938,0.713334,non-admissible-below-scalar
1,auto,decode,url-safe,padded,23,x86_64,linux,97.301031,287.292858,0.338682,non-admissible-below-scalar
1,ssse3-sse4.1,decode,url-safe,padded,23,x86_64,linux,69.744624,287.292858,0.242765,non-admissible-below-scalar
1,auto,decode,url-safe,padded,24,x86_64,linux,104.873795,302.238565,0.346990,non-admissible-below-scalar
1,avx2,decode,url-safe,padded,24,x86_64,linux,102.682143,302.238565,0.339739,non-admissible-below-scalar
1,ssse3-sse4.1,decode,url-safe,padded,24,x86_64,linux,75.577135,302.238565,0.250058,non-admissible-below-scalar
1,auto,decode,url-safe,padded,3,x86_64,linux,162.563628,220.585183,0.736965,non-admissible-below-scalar
1,auto,decode,url-safe,padded,31,x86_64,linux,116.542808,281.957942,0.413334,non-admissible-below-scalar
1,avx2,decode,url-safe,padded,31,x86_64,linux,118.250078,281.957942,0.419389,non-admissible-below-scalar
1,ssse3-sse4.1,decode,url-safe,padded,31,x86_64,linux,87.815970,281.957942,0.311451,non-admissible-below-scalar
1,auto,decode,url-safe,padded,32,x86_64,linux,118.771874,284.085514,0.418085,non-admissible-below-scalar
1,avx2,decode,url-safe,padded,32,x86_64,linux,119.105140,284.085514,0.419258,non-admissible-below-scalar
1,ssse3-sse4.1,decode,url-safe,padded,32,x86_64,linux,89.754921,284.085514,0.315943,non-admissible-below-scalar
1,auto,decode,url-safe,padded,47,x86_64,linux,135.423007,304.573201,0.444632,non-admissible-below-scalar
1,avx2,decode,url-safe,padded,47,x86_64,linux,104.855337,304.573201,0.344270,non-admissible-below-scalar
1,ssse3-sse4.1,decode,url-safe,padded,47,x86_64,linux,75.110079,304.573201,0.246608,non-admissible-below-scalar
1,auto,decode,url-safe,padded,48,x86_64,linux,138.537611,309.008375,0.448330,non-admissible-below-scalar
1,avx2,decode,url-safe,padded,48,x86_64,linux,109.535770,309.008375,0.354475,non-admissible-below-scalar
1,avx512-vbmi,decode,url-safe,padded,48,x86_64,linux,142.569009,309.008375,0.461376,non-admissible-below-scalar
1,ssse3-sse4.1,decode,url-safe,padded,48,x86_64,linux,76.224979,309.008375,0.246676,non-admissible-below-scalar
1,auto,decode,url-safe,padded,63,x86_64,linux,118.606305,315.676103,0.375722,non-admissible-below-scalar
1,avx2,decode,url-safe,padded,63,x86_64,linux,99.282963,315.676103,0.314509,non-admissible-below-scalar
1,avx512-vbmi,decode,url-safe,padded,63,x86_64,linux,119.616418,315.676103,0.378921,non-admissible-below-scalar
1,ssse3-sse4.1,decode,url-safe,padded,63,x86_64,linux,80.777496,315.676103,0.255887,non-admissible-below-scalar
1,auto,decode,url-safe,padded,64,x86_64,linux,117.546232,294.235007,0.399498,non-admissible-below-scalar
1,avx2,decode,url-safe,padded,64,x86_64,linux,99.035455,294.235007,0.336586,non-admissible-below-scalar
1,avx512-vbmi,decode,url-safe,padded,64,x86_64,linux,117.021778,294.235007,0.397715,non-admissible-below-scalar
1,ssse3-sse4.1,decode,url-safe,padded,64,x86_64,linux,80.730609,294.235007,0.274375,non-admissible-below-scalar
1,auto,decode,url-safe,padded,65536,x86_64,linux,148.689963,312.888189,0.475218,non-admissible-below-scalar
1,avx2,decode,url-safe,padded,65536,x86_64,linux,114.292440,312.888189,0.365282,non-admissible-below-scalar
1,avx512-vbmi,decode,url-safe,padded,65536,x86_64,linux,148.390540,312.888189,0.474261,non-admissible-below-scalar
1,ssse3-sse4.1,decode,url-safe,padded,65536,x86_64,linux,79.978735,312.888189,0.255614,non-admissible-below-scalar
1,auto,decode,url-safe,unpadded,1,x86_64,linux,73.551350,115.778059,0.635279,non-admissible-below-scalar
1,auto,decode,url-safe,unpadded,1024,x86_64,linux,148.226200,290.061163,0.511017,non-admissible-below-scalar
1,avx2,decode,url-safe,unpadded,1024,x86_64,linux,115.412266,290.061163,0.397889,non-admissible-below-scalar
1,avx512-vbmi,decode,url-safe,unpadded,1024,x86_64,linux,148.365284,290.061163,0.511497,non-admissible-below-scalar
1,ssse3-sse4.1,decode,url-safe,unpadded,1024,x86_64,linux,80.589415,290.061163,0.277836,non-admissible-below-scalar
1,auto,decode,url-safe,unpadded,11,x86_64,linux,238.355799,263.104246,0.905937,non-admissible-below-scalar
1,auto,decode,url-safe,unpadded,12,x86_64,linux,69.677355,268.891439,0.259128,non-admissible-below-scalar
1,ssse3-sse4.1,decode,url-safe,unpadded,12,x86_64,linux,72.277703,268.891439,0.268799,non-admissible-below-scalar
1,auto,decode,url-safe,unpadded,15,x86_64,linux,81.868785,274.138340,0.298640,non-admissible-below-scalar
1,ssse3-sse4.1,decode,url-safe,unpadded,15,x86_64,linux,83.360551,274.138340,0.304082,non-admissible-below-scalar
1,auto,decode,url-safe,unpadded,16,x86_64,linux,84.060505,270.239739,0.311059,non-admissible-below-scalar
1,ssse3-sse4.1,decode,url-safe,unpadded,16,x86_64,linux,85.321046,270.239739,0.315724,non-admissible-below-scalar
1,auto,decode,url-safe,unpadded,2,x86_64,linux,130.534984,186.925321,0.698327,non-admissible-below-scalar
1,auto,decode,url-safe,unpadded,23,x86_64,linux,106.173868,280.293589,0.378795,non-admissible-below-scalar
1,ssse3-sse4.1,decode,url-safe,unpadded,23,x86_64,linux,105.473197,280.293589,0.376295,non-admissible-below-scalar
1,auto,decode,url-safe,unpadded,24,x86_64,linux,103.599506,278.931914,0.371415,non-admissible-below-scalar
1,avx2,decode,url-safe,unpadded,24,x86_64,linux,105.063931,278.931914,0.376665,non-admissible-below-scalar
1,ssse3-sse4.1,decode,url-safe,unpadded,24,x86_64,linux,76.143103,278.931914,0.272981,non-admissible-below-scalar
1,auto,decode,url-safe,unpadded,3,x86_64,linux,156.346247,205.069930,0.762405,non-admissible-below-scalar
1,auto,decode,url-safe,unpadded,31,x86_64,linux,119.060118,280.818278,0.423976,non-admissible-below-scalar
1,avx2,decode,url-safe,unpadded,31,x86_64,linux,120.521150,280.818278,0.429178,non-admissible-below-scalar
1,ssse3-sse4.1,decode,url-safe,unpadded,31,x86_64,linux,88.719300,280.818278,0.315931,non-admissible-below-scalar
1,auto,decode,url-safe,unpadded,32,x86_64,linux,121.356467,283.935065,0.427409,non-admissible-below-scalar
1,avx2,decode,url-safe,unpadded,32,x86_64,linux,123.203977,283.935065,0.433916,non-admissible-below-scalar
1,ssse3-sse4.1,decode,url-safe,unpadded,32,x86_64,linux,91.100727,283.935065,0.320851,non-admissible-below-scalar
1,auto,decode,url-safe,unpadded,47,x86_64,linux,103.916649,286.991384,0.362090,non-admissible-below-scalar
1,avx2,decode,url-safe,unpadded,47,x86_64,linux,104.805514,286.991384,0.365187,non-admissible-below-scalar
1,ssse3-sse4.1,decode,url-safe,unpadded,47,x86_64,linux,90.527637,286.991384,0.315437,non-admissible-below-scalar
1,auto,decode,url-safe,unpadded,48,x86_64,linux,138.810043,287.049185,0.483576,non-admissible-below-scalar
1,avx2,decode,url-safe,unpadded,48,x86_64,linux,107.649919,287.049185,0.375023,non-admissible-below-scalar
1,avx512-vbmi,decode,url-safe,unpadded,48,x86_64,linux,139.357365,287.049185,0.485483,non-admissible-below-scalar
1,ssse3-sse4.1,decode,url-safe,unpadded,48,x86_64,linux,76.416457,287.049185,0.266214,non-admissible-below-scalar
1,auto,decode,url-safe,unpadded,63,x86_64,linux,115.833484,285.906744,0.405144,non-admissible-below-scalar
1,avx2,decode,url-safe,unpadded,63,x86_64,linux,100.495871,285.906744,0.351499,non-admissible-below-scalar
1,avx512-vbmi,decode,url-safe,unpadded,63,x86_64,linux,118.582835,285.906744,0.414761,non-admissible-below-scalar
1,ssse3-sse4.1,decode,url-safe,unpadded,63,x86_64,linux,80.226843,285.906744,0.280605,non-admissible-below-scalar
1,auto,decode,url-safe,unpadded,64,x86_64,linux,118.187532,284.936610,0.414785,non-admissible-below-scalar
1,avx2,decode,url-safe,unpadded,64,x86_64,linux,101.165354,284.936610,0.355045,non-admissible-below-scalar
1,avx512-vbmi,decode,url-safe,unpadded,64,x86_64,linux,117.986131,284.936610,0.414079,non-admissible-below-scalar
1,ssse3-sse4.1,decode,url-safe,unpadded,64,x86_64,linux,80.322926,284.936610,0.281898,non-admissible-below-scalar
1,auto,decode,url-safe,unpadded,65536,x86_64,linux,151.132834,291.522723,0.518426,non-admissible-below-scalar
1,avx2,decode,url-safe,unpadded,65536,x86_64,linux,116.656575,291.522723,0.400163,non-admissible-below-scalar
1,avx512-vbmi,decode,url-safe,unpadded,65536,x86_64,linux,151.928450,291.522723,0.521155,non-admissible-below-scalar
1,ssse3-sse4.1,decode,url-safe,unpadded,65536,x86_64,linux,80.582669,291.522723,0.276420,non-admissible-below-scalar
1,auto,encode,standard,padded,1,x86_64,linux,148.287918,151.718822,0.977386,admissible
1,auto,encode,standard,padded,1024,x86_64,linux,1065.157357,2030.235248,0.524647,non-admissible-below-scalar
1,avx2,encode,standard,padded,1024,x86_64,linux,610.489137,2030.235248,0.300699,non-admissible-below-scalar
1,avx512-vbmi,encode,standard,padded,1024,x86_64,linux,1082.929187,2030.235248,0.533401,non-admissible-below-scalar
1,ssse3-sse4.1,encode,standard,padded,1024,x86_64,linux,336.116907,2030.235248,0.165556,non-admissible-below-scalar
1,auto,encode,standard,padded,11,x86_64,linux,310.611420,313.957058,0.989344,admissible
1,auto,encode,standard,padded,12,x86_64,linux,313.328550,318.233511,0.984587,admissible
1,ssse3-sse4.1,encode,standard,padded,12,x86_64,linux,214.932719,318.233511,0.675393,non-admissible-below-scalar
1,auto,encode,standard,padded,15,x86_64,linux,322.595430,326.728275,0.987351,admissible
1,ssse3-sse4.1,encode,standard,padded,15,x86_64,linux,237.017033,326.728275,0.725426,non-admissible-below-scalar
1,auto,encode,standard,padded,16,x86_64,linux,320.841583,325.618658,0.985329,admissible
1,ssse3-sse4.1,encode,standard,padded,16,x86_64,linux,238.801147,325.618658,0.733377,non-admissible-below-scalar
1,auto,encode,standard,padded,2,x86_64,linux,219.444391,222.235745,0.987440,admissible
1,auto,encode,standard,padded,23,x86_64,linux,320.503358,318.688121,1.005696,admissible
1,ssse3-sse4.1,encode,standard,padded,23,x86_64,linux,263.200401,318.688121,0.825887,non-admissible-below-scalar
1,auto,encode,standard,padded,24,x86_64,linux,324.233818,327.187473,0.990973,admissible
1,avx2,encode,standard,padded,24,x86_64,linux,416.116430,327.187473,1.271798,admissible
1,ssse3-sse4.1,encode,standard,padded,24,x86_64,linux,256.140754,327.187473,0.782856,non-admissible-below-scalar
1,auto,encode,standard,padded,3,x86_64,linux,219.410090,222.583057,0.985745,admissible
1,auto,encode,standard,padded,31,x86_64,linux,337.789845,335.851840,1.005770,admissible
1,avx2,encode,standard,padded,31,x86_64,linux,403.804652,335.851840,1.202330,admissible
1,ssse3-sse4.1,encode,standard,padded,31,x86_64,linux,280.588826,335.851840,0.835454,non-admissible-below-scalar
1,auto,encode,standard,padded,32,x86_64,linux,343.185704,343.194616,0.999974,admissible
1,avx2,encode,standard,padded,32,x86_64,linux,403.992731,343.194616,1.177153,admissible
1,ssse3-sse4.1,encode,standard,padded,32,x86_64,linux,283.361532,343.194616,0.825658,non-admissible-below-scalar
1,auto,encode,standard,padded,47,x86_64,linux,350.335186,352.618207,0.993526,admissible
1,avx2,encode,standard,padded,47,x86_64,linux,389.584113,352.618207,1.104833,admissible
1,ssse3-sse4.1,encode,standard,padded,47,x86_64,linux,282.107488,352.618207,0.800037,non-admissible-below-scalar
1,auto,encode,standard,padded,48,x86_64,linux,655.755469,343.791817,1.907420,admissible
1,avx2,encode,standard,padded,48,x86_64,linux,501.222203,343.791817,1.457924,admissible
1,avx512-vbmi,encode,standard,padded,48,x86_64,linux,779.646923,343.791817,2.267788,admissible
1,ssse3-sse4.1,encode,standard,padded,48,x86_64,linux,273.580193,343.791817,0.795773,non-admissible-below-scalar
1,auto,encode,standard,padded,63,x86_64,linux,556.083281,948.614751,0.586206,non-admissible-below-scalar
1,avx2,encode,standard,padded,63,x86_64,linux,461.430721,948.614751,0.486426,non-admissible-below-scalar
1,avx512-vbmi,encode,standard,padded,63,x86_64,linux,615.288556,948.614751,0.648618,non-admissible-below-scalar
1,ssse3-sse4.1,encode,standard,padded,63,x86_64,linux,297.228620,948.614751,0.313329,non-admissible-below-scalar
1,auto,encode,standard,padded,64,x86_64,linux,548.865944,916.255844,0.599031,non-admissible-below-scalar
1,avx2,encode,standard,padded,64,x86_64,linux,457.401591,916.255844,0.499207,non-admissible-below-scalar
1,avx512-vbmi,encode,standard,padded,64,x86_64,linux,606.636587,916.255844,0.662082,non-admissible-below-scalar
1,ssse3-sse4.1,encode,standard,padded,64,x86_64,linux,300.514871,916.255844,0.327981,non-admissible-below-scalar
1,auto,encode,standard,padded,65536,x86_64,linux,1134.035017,2202.784485,0.514819,non-admissible-below-scalar
1,avx2,encode,standard,padded,65536,x86_64,linux,628.351652,2202.784485,0.285253,non-admissible-below-scalar
1,avx512-vbmi,encode,standard,padded,65536,x86_64,linux,1137.133001,2202.784485,0.516225,non-admissible-below-scalar
1,ssse3-sse4.1,encode,standard,padded,65536,x86_64,linux,334.288901,2202.784485,0.151757,non-admissible-below-scalar
1,auto,encode,standard,unpadded,1,x86_64,linux,113.551202,152.663831,0.743799,non-admissible-below-scalar
1,auto,encode,standard,unpadded,1024,x86_64,linux,1063.260852,2006.407473,0.529933,non-admissible-below-scalar
1,avx2,encode,standard,unpadded,1024,x86_64,linux,614.379890,2006.407473,0.306209,non-admissible-below-scalar
1,avx512-vbmi,encode,standard,unpadded,1024,x86_64,linux,1080.070633,2006.407473,0.538311,non-admissible-below-scalar
1,ssse3-sse4.1,encode,standard,unpadded,1024,x86_64,linux,323.163350,2006.407473,0.161066,non-admissible-below-scalar
1,auto,encode,standard,unpadded,11,x86_64,linux,311.936371,311.154033,1.002514,admissible
1,auto,encode,standard,unpadded,12,x86_64,linux,305.404986,320.513869,0.952860,admissible
1,ssse3-sse4.1,encode,standard,unpadded,12,x86_64,linux,211.919849,320.513869,0.661188,non-admissible-below-scalar
1,auto,encode,standard,unpadded,15,x86_64,linux,321.551504,329.984082,0.974446,admissible
1,ssse3-sse4.1,encode,standard,unpadded,15,x86_64,linux,233.538629,329.984082,0.707727,non-admissible-below-scalar
1,auto,encode,standard,unpadded,16,x86_64,linux,322.436612,329.814775,0.977629,admissible
1,ssse3-sse4.1,encode,standard,unpadded,16,x86_64,linux,238.916162,329.814775,0.724395,non-admissible-below-scalar
1,auto,encode,standard,unpadded,2,x86_64,linux,190.941289,219.513089,0.869840,non-admissible-below-scalar
1,auto,encode,standard,unpadded,23,x86_64,linux,326.211819,325.225911,1.003031,admissible
1,ssse3-sse4.1,encode,standard,unpadded,23,x86_64,linux,265.412834,325.225911,0.816088,non-admissible-below-scalar
1,auto,encode,standard,unpadded,24,x86_64,linux,319.766278,331.427071,0.964816,admissible
1,avx2,encode,standard,unpadded,24,x86_64,linux,419.608698,331.427071,1.266066,admissible
1,ssse3-sse4.1,encode,standard,unpadded,24,x86_64,linux,261.200709,331.427071,0.788109,non-admissible-below-scalar
1,auto,encode,standard,unpadded,3,x86_64,linux,220.265328,224.726892,0.980147,admissible
1,auto,encode,standard,unpadded,31,x86_64,linux,341.096229,347.046970,0.982853,admissible
1,avx2,encode,standard,unpadded,31,x86_64,linux,405.589277,347.046970,1.168687,admissible
1,ssse3-sse4.1,encode,standard,unpadded,31,x86_64,linux,279.389397,347.046970,0.805048,non-admissible-below-scalar
1,auto,encode,standard,unpadded,32,x86_64,linux,343.443873,347.918425,0.987139,admissible
1,avx2,encode,standard,unpadded,32,x86_64,linux,406.739644,347.918425,1.169066,admissible
1,ssse3-sse4.1,encode,standard,unpadded,32,x86_64,linux,281.097163,347.918425,0.807940,non-admissible-below-scalar
1,auto,encode,standard,unpadded,47,x86_64,linux,354.271264,357.289823,0.991552,admissible
1,avx2,encode,standard,unpadded,47,x86_64,linux,393.904013,357.289823,1.102478,admissible
1,ssse3-sse4.1,encode,standard,unpadded,47,x86_64,linux,280.094892,357.289823,0.783943,non-admissible-below-scalar
1,auto,encode,standard,unpadded,48,x86_64,linux,662.197557,354.942088,1.865650,admissible
1,avx2,encode,standard,unpadded,48,x86_64,linux,487.169052,354.942088,1.372531,admissible
1,avx512-vbmi,encode,standard,unpadded,48,x86_64,linux,768.757318,354.942088,2.165867,admissible
1,ssse3-sse4.1,encode,standard,unpadded,48,x86_64,linux,272.910372,354.942088,0.768887,non-admissible-below-scalar
1,auto,encode,standard,unpadded,63,x86_64,linux,548.140007,949.746287,0.577144,non-admissible-below-scalar
1,avx2,encode,standard,unpadded,63,x86_64,linux,463.194934,949.746287,0.487704,non-admissible-below-scalar
1,avx512-vbmi,encode,standard,unpadded,63,x86_64,linux,615.367522,949.746287,0.647928,non-admissible-below-scalar
1,ssse3-sse4.1,encode,standard,unpadded,63,x86_64,linux,288.862835,949.746287,0.304147,non-admissible-below-scalar
1,auto,encode,standard,unpadded,64,x86_64,linux,548.228697,926.905721,0.591461,non-admissible-below-scalar
1,avx2,encode,standard,unpadded,64,x86_64,linux,459.879947,926.905721,0.496145,non-admissible-below-scalar
1,avx512-vbmi,encode,standard,unpadded,64,x86_64,linux,607.685655,926.905721,0.655607,non-admissible-below-scalar
1,ssse3-sse4.1,encode,standard,unpadded,64,x86_64,linux,290.298158,926.905721,0.313191,non-admissible-below-scalar
1,auto,encode,standard,unpadded,65536,x86_64,linux,1134.819468,2197.468448,0.516421,non-admissible-below-scalar
1,avx2,encode,standard,unpadded,65536,x86_64,linux,628.369421,2197.468448,0.285952,non-admissible-below-scalar
1,avx512-vbmi,encode,standard,unpadded,65536,x86_64,linux,1139.184787,2197.468448,0.518408,non-admissible-below-scalar
1,ssse3-sse4.1,encode,standard,unpadded,65536,x86_64,linux,332.856737,2197.468448,0.151473,non-admissible-below-scalar
1,auto,encode,url-safe,padded,1,x86_64,linux,113.206386,151.694793,0.746277,non-admissible-below-scalar
1,auto,encode,url-safe,padded,1024,x86_64,linux,1045.505843,2029.070501,0.515263,non-admissible-below-scalar
1,avx2,encode,url-safe,padded,1024,x86_64,linux,618.202610,2029.070501,0.304673,non-admissible-below-scalar
1,avx512-vbmi,encode,url-safe,padded,1024,x86_64,linux,1081.292765,2029.070501,0.532901,non-admissible-below-scalar
1,ssse3-sse4.1,encode,url-safe,padded,1024,x86_64,linux,337.555606,2029.070501,0.166360,non-admissible-below-scalar
1,auto,encode,url-safe,padded,11,x86_64,linux,310.950295,313.080569,0.993196,admissible
1,auto,encode,url-safe,padded,12,x86_64,linux,309.160277,317.531267,0.973637,admissible
1,ssse3-sse4.1,encode,url-safe,padded,12,x86_64,linux,212.986192,317.531267,0.670757,non-admissible-below-scalar
1,auto,encode,url-safe,padded,15,x86_64,linux,315.391753,326.315768,0.966523,admissible
1,ssse3-sse4.1,encode,url-safe,padded,15,x86_64,linux,234.776071,326.315768,0.719475,non-admissible-below-scalar
1,auto,encode,url-safe,padded,16,x86_64,linux,316.104256,325.118008,0.972275,admissible
1,ssse3-sse4.1,encode,url-safe,padded,16,x86_64,linux,240.494074,325.118008,0.739713,non-admissible-below-scalar
1,auto,encode,url-safe,padded,2,x86_64,linux,190.840147,223.281860,0.854705,non-admissible-below-scalar
1,auto,encode,url-safe,padded,23,x86_64,linux,315.497733,318.287332,0.991236,admissible
1,ssse3-sse4.1,encode,url-safe,padded,23,x86_64,linux,260.518930,318.287332,0.818502,non-admissible-below-scalar
1,auto,encode,url-safe,padded,24,x86_64,linux,324.066210,328.219483,0.987346,admissible
1,avx2,encode,url-safe,padded,24,x86_64,linux,425.178209,328.219483,1.295408,admissible
1,ssse3-sse4.1,encode,url-safe,padded,24,x86_64,linux,261.981922,328.219483,0.798191,non-admissible-below-scalar
1,auto,encode,url-safe,padded,3,x86_64,linux,217.366447,222.380908,0.977451,admissible
1,auto,encode,url-safe,padded,31,x86_64,linux,334.248383,340.196038,0.982517,admissible
1,avx2,encode,url-safe,padded,31,x86_64,linux,405.777328,340.196038,1.192775,admissible
1,ssse3-sse4.1,encode,url-safe,padded,31,x86_64,linux,274.880025,340.196038,0.808005,non-admissible-below-scalar
1,auto,encode,url-safe,padded,32,x86_64,linux,340.099425,342.866376,0.991930,admissible
1,avx2,encode,url-safe,padded,32,x86_64,linux,404.212587,342.866376,1.178922,admissible
1,ssse3-sse4.1,encode,url-safe,padded,32,x86_64,linux,274.970662,342.866376,0.801976,non-admissible-below-scalar
1,auto,encode,url-safe,padded,47,x86_64,linux,350.251467,353.108504,0.991909,admissible
1,avx2,encode,url-safe,padded,47,x86_64,linux,389.902378,353.108504,1.104200,admissible
1,ssse3-sse4.1,encode,url-safe,padded,47,x86_64,linux,285.270426,353.108504,0.807883,non-admissible-below-scalar
1,auto,encode,url-safe,padded,48,x86_64,linux,643.007015,344.830535,1.864704,admissible
1,avx2,encode,url-safe,padded,48,x86_64,linux,502.777343,344.830535,1.458042,admissible
1,avx512-vbmi,encode,url-safe,padded,48,x86_64,linux,785.214654,344.830535,2.277103,admissible
1,ssse3-sse4.1,encode,url-safe,padded,48,x86_64,linux,275.881018,344.830535,0.800048,non-admissible-below-scalar
1,auto,encode,url-safe,padded,63,x86_64,linux,549.813425,947.254479,0.580428,non-admissible-below-scalar
1,avx2,encode,url-safe,padded,63,x86_64,linux,464.559387,947.254479,0.490427,non-admissible-below-scalar
1,avx512-vbmi,encode,url-safe,padded,63,x86_64,linux,616.525891,947.254479,0.650856,non-admissible-below-scalar
1,ssse3-sse4.1,encode,url-safe,padded,63,x86_64,linux,298.959235,947.254479,0.315606,non-admissible-below-scalar
1,auto,encode,url-safe,padded,64,x86_64,linux,546.216363,916.064661,0.596264,non-admissible-below-scalar
1,avx2,encode,url-safe,padded,64,x86_64,linux,459.851593,916.064661,0.501986,non-admissible-below-scalar
1,avx512-vbmi,encode,url-safe,padded,64,x86_64,linux,606.084345,916.064661,0.661617,non-admissible-below-scalar
1,ssse3-sse4.1,encode,url-safe,padded,64,x86_64,linux,301.830333,916.064661,0.329486,non-admissible-below-scalar
1,auto,encode,url-safe,padded,65536,x86_64,linux,1138.312068,2203.423650,0.516611,non-admissible-below-scalar
1,avx2,encode,url-safe,padded,65536,x86_64,linux,635.275709,2203.423650,0.288313,non-admissible-below-scalar
1,avx512-vbmi,encode,url-safe,padded,65536,x86_64,linux,1148.421090,2203.423650,0.521198,non-admissible-below-scalar
1,ssse3-sse4.1,encode,url-safe,padded,65536,x86_64,linux,340.322149,2203.423650,0.154452,non-admissible-below-scalar
1,auto,encode,url-safe,unpadded,1,x86_64,linux,113.512383,153.230175,0.740797,non-admissible-below-scalar
1,auto,encode,url-safe,unpadded,1024,x86_64,linux,1072.021608,2029.753243,0.528154,non-admissible-below-scalar
1,avx2,encode,url-safe,unpadded,1024,x86_64,linux,624.277305,2029.753243,0.307563,non-admissible-below-scalar
1,avx512-vbmi,encode,url-safe,unpadded,1024,x86_64,linux,1084.355522,2029.753243,0.534230,non-admissible-below-scalar
1,ssse3-sse4.1,encode,url-safe,unpadded,1024,x86_64,linux,340.023451,2029.753243,0.167520,non-admissible-below-scalar
1,auto,encode,url-safe,unpadded,11,x86_64,linux,315.944176,315.205049,1.002345,admissible
1,auto,encode,url-safe,unpadded,12,x86_64,linux,305.078412,319.957692,0.953496,admissible
1,ssse3-sse4.1,encode,url-safe,unpadded,12,x86_64,linux,214.974745,319.957692,0.671885,non-admissible-below-scalar
1,auto,encode,url-safe,unpadded,15,x86_64,linux,320.923634,328.765706,0.976147,admissible
1,ssse3-sse4.1,encode,url-safe,unpadded,15,x86_64,linux,236.867964,328.765706,0.720476,non-admissible-below-scalar
1,auto,encode,url-safe,unpadded,16,x86_64,linux,322.414394,329.110324,0.979654,admissible
1,ssse3-sse4.1,encode,url-safe,unpadded,16,x86_64,linux,235.389201,329.110324,0.715229,non-admissible-below-scalar
1,auto,encode,url-safe,unpadded,2,x86_64,linux,191.149071,224.695576,0.850702,non-admissible-below-scalar
1,auto,encode,url-safe,unpadded,23,x86_64,linux,324.705174,330.236199,0.983251,admissible
1,ssse3-sse4.1,encode,url-safe,unpadded,23,x86_64,linux,271.717883,330.236199,0.822799,non-admissible-below-scalar
1,auto,encode,url-safe,unpadded,24,x86_64,linux,318.203581,325.651156,0.977130,admissible
1,avx2,encode,url-safe,unpadded,24,x86_64,linux,420.073859,325.651156,1.289950,admissible
1,ssse3-sse4.1,encode,url-safe,unpadded,24,x86_64,linux,263.408610,325.651156,0.808867,non-admissible-below-scalar
1,auto,encode,url-safe,unpadded,3,x86_64,linux,221.142595,224.939261,0.983121,admissible
1,auto,encode,url-safe,unpadded,31,x86_64,linux,341.337635,345.803850,0.987085,admissible
1,avx2,encode,url-safe,unpadded,31,x86_64,linux,407.680417,345.803850,1.178935,admissible
1,ssse3-sse4.1,encode,url-safe,unpadded,31,x86_64,linux,277.651598,345.803850,0.802916,non-admissible-below-scalar
1,auto,encode,url-safe,unpadded,32,x86_64,linux,344.100482,348.767260,0.986619,admissible
1,avx2,encode,url-safe,unpadded,32,x86_64,linux,405.025650,348.767260,1.161306,admissible
1,ssse3-sse4.1,encode,url-safe,unpadded,32,x86_64,linux,281.974991,348.767260,0.808490,non-admissible-below-scalar
1,auto,encode,url-safe,unpadded,47,x86_64,linux,354.214056,356.994821,0.992211,admissible
1,avx2,encode,url-safe,unpadded,47,x86_64,linux,394.703669,356.994821,1.105629,admissible
1,ssse3-sse4.1,encode,url-safe,unpadded,47,x86_64,linux,282.424350,356.994821,0.791116,non-admissible-below-scalar
1,auto,encode,url-safe,unpadded,48,x86_64,linux,651.017297,357.211701,1.822497,admissible
1,avx2,encode,url-safe,unpadded,48,x86_64,linux,492.102879,357.211701,1.377623,admissible
1,avx512-vbmi,encode,url-safe,unpadded,48,x86_64,linux,766.509519,357.211701,2.145813,admissible
1,ssse3-sse4.1,encode,url-safe,unpadded,48,x86_64,linux,277.972155,357.211701,0.778172,non-admissible-below-scalar
1,auto,encode,url-safe,unpadded,63,x86_64,linux,543.858518,943.597089,0.576367,non-admissible-below-scalar
1,avx2,encode,url-safe,unpadded,63,x86_64,linux,452.400890,943.597089,0.479443,non-admissible-below-scalar
1,avx512-vbmi,encode,url-safe,unpadded,63,x86_64,linux,609.803958,943.597089,0.646255,non-admissible-below-scalar
1,ssse3-sse4.1,encode,url-safe,unpadded,63,x86_64,linux,296.059983,943.597089,0.313757,non-admissible-below-scalar
1,auto,encode,url-safe,unpadded,64,x86_64,linux,544.325307,928.148996,0.586463,non-admissible-below-scalar
1,avx2,encode,url-safe,unpadded,64,x86_64,linux,462.193959,928.148996,0.497974,non-admissible-below-scalar
1,avx512-vbmi,encode,url-safe,unpadded,64,x86_64,linux,608.504496,928.148996,0.655611,non-admissible-below-scalar
1,ssse3-sse4.1,encode,url-safe,unpadded,64,x86_64,linux,300.334946,928.148996,0.323585,non-admissible-below-scalar
1,auto,encode,url-safe,unpadded,65536,x86_64,linux,1126.945489,2205.378521,0.510999,non-admissible-below-scalar
1,avx2,encode,url-safe,unpadded,65536,x86_64,linux,637.768343,2205.378521,0.289188,non-admissible-below-scalar
1,avx512-vbmi,encode,url-safe,unpadded,65536,x86_64,linux,1149.281140,2205.378521,0.521126,non-admissible-below-scalar
1,ssse3-sse4.1,encode,url-safe,unpadded,65536,x86_64,linux,339.953837,2205.378521,0.154148,non-admissible-below-scalar
