schema_version,engine,operation,alphabet,padding,input_len,backend,target_arch,target_os,sample_count,median_throughput_mib_s,minimum_throughput_mib_s,maximum_throughput_mib_s
1,base64-0.23.0,decode,standard,padded,1,external,x86_64,linux,10,76.209742,74.968432,77.318016
1,base64-0.23.0,decode,standard,padded,1024,external,x86_64,linux,10,3929.616637,3903.432972,3939.132524
1,base64-0.23.0,decode,standard,padded,11,external,x86_64,linux,10,692.713561,678.641106,709.346965
1,base64-0.23.0,decode,standard,padded,12,external,x86_64,linux,10,755.309882,746.714581,764.525557
1,base64-0.23.0,decode,standard,padded,15,external,x86_64,linux,10,881.429093,841.969213,899.068493
1,base64-0.23.0,decode,standard,padded,16,external,x86_64,linux,10,910.542840,904.004037,923.428607
1,base64-0.23.0,decode,standard,padded,2,external,x86_64,linux,10,152.001681,146.595705,152.604010
1,base64-0.23.0,decode,standard,padded,23,external,x86_64,linux,10,1165.784880,1135.308045,1192.454814
1,base64-0.23.0,decode,standard,padded,24,external,x86_64,linux,10,1201.504692,1178.295925,1222.508653
1,base64-0.23.0,decode,standard,padded,3,external,x86_64,linux,10,224.340594,218.630197,225.023347
1,base64-0.23.0,decode,standard,padded,31,external,x86_64,linux,10,1481.036953,1440.397790,1517.909906
1,base64-0.23.0,decode,standard,padded,32,external,x86_64,linux,10,1499.467712,1491.258059,1552.137662
1,base64-0.23.0,decode,standard,padded,47,external,x86_64,linux,10,1797.854172,1732.900876,1836.638818
1,base64-0.23.0,decode,standard,padded,48,external,x86_64,linux,10,1849.679251,1822.514953,1888.266476
1,base64-0.23.0,decode,standard,padded,63,external,x86_64,linux,10,2179.820834,2153.231389,2214.155449
1,base64-0.23.0,decode,standard,padded,64,external,x86_64,linux,10,2182.883894,2156.844666,2202.986479
1,base64-0.23.0,decode,standard,padded,65536,external,x86_64,linux,10,4224.301987,4182.919050,4249.478377
1,base64-0.23.0,decode,standard,unpadded,1,external,x86_64,linux,10,78.940091,78.553412,79.153648
1,base64-0.23.0,decode,standard,unpadded,1024,external,x86_64,linux,10,4024.770716,3994.707013,4074.780369
1,base64-0.23.0,decode,standard,unpadded,11,external,x86_64,linux,10,699.040246,690.046890,723.404058
1,base64-0.23.0,decode,standard,unpadded,12,external,x86_64,linux,10,756.876634,745.326275,762.949058
1,base64-0.23.0,decode,standard,unpadded,15,external,x86_64,linux,10,883.540503,866.172569,901.834578
1,base64-0.23.0,decode,standard,unpadded,16,external,x86_64,linux,10,961.250294,948.316738,971.761108
1,base64-0.23.0,decode,standard,unpadded,2,external,x86_64,linux,10,154.787992,154.425553,155.173099
1,base64-0.23.0,decode,standard,unpadded,23,external,x86_64,linux,10,1181.313498,1150.590813,1210.356370
1,base64-0.23.0,decode,standard,unpadded,24,external,x86_64,linux,10,1210.478884,1151.393160,1235.533696
1,base64-0.23.0,decode,standard,unpadded,3,external,x86_64,linux,10,224.003050,219.015454,224.379101
1,base64-0.23.0,decode,standard,unpadded,31,external,x86_64,linux,10,1530.687764,1455.022902,1567.769522
1,base64-0.23.0,decode,standard,unpadded,32,external,x86_64,linux,10,1558.042068,1518.112986,1588.474032
1,base64-0.23.0,decode,standard,unpadded,47,external,x86_64,linux,10,1867.380932,1840.524586,1896.793505
1,base64-0.23.0,decode,standard,unpadded,48,external,x86_64,linux,10,1848.619686,1811.146809,1878.405088
1,base64-0.23.0,decode,standard,unpadded,63,external,x86_64,linux,10,2191.170555,2146.076898,2234.041755
1,base64-0.23.0,decode,standard,unpadded,64,external,x86_64,linux,10,2242.425887,2223.820902,2261.971342
1,base64-0.23.0,decode,standard,unpadded,65536,external,x86_64,linux,10,4225.821651,4185.680995,4250.928031
1,base64-0.23.0,decode,url-safe,padded,1,external,x86_64,linux,10,77.555932,77.353370,77.681926
1,base64-0.23.0,decode,url-safe,padded,1024,external,x86_64,linux,10,3932.771242,3918.952151,3960.980382
1,base64-0.23.0,decode,url-safe,padded,11,external,x86_64,linux,10,693.728888,681.970471,705.538622
1,base64-0.23.0,decode,url-safe,padded,12,external,x86_64,linux,10,757.892867,732.652769,766.340784
1,base64-0.23.0,decode,url-safe,padded,15,external,x86_64,linux,10,884.302791,867.527772,901.195366
1,base64-0.23.0,decode,url-safe,padded,16,external,x86_64,linux,10,911.551762,903.824080,920.409647
1,base64-0.23.0,decode,url-safe,padded,2,external,x86_64,linux,10,152.757370,152.480567,153.041216
1,base64-0.23.0,decode,url-safe,padded,23,external,x86_64,linux,10,1166.836063,1135.262612,1196.690148
1,base64-0.23.0,decode,url-safe,padded,24,external,x86_64,linux,10,1186.443920,1178.035313,1238.631178
1,base64-0.23.0,decode,url-safe,padded,3,external,x86_64,linux,10,224.670088,223.751736,225.017993
1,base64-0.23.0,decode,url-safe,padded,31,external,x86_64,linux,10,1479.192981,1455.489871,1506.744831
1,base64-0.23.0,decode,url-safe,padded,32,external,x86_64,linux,10,1515.409707,1493.221521,1552.517796
1,base64-0.23.0,decode,url-safe,padded,47,external,x86_64,linux,10,1814.921701,1776.759196,1849.682436
1,base64-0.23.0,decode,url-safe,padded,48,external,x86_64,linux,10,1870.120132,1845.360396,1905.251819
1,base64-0.23.0,decode,url-safe,padded,63,external,x86_64,linux,10,2187.857029,2150.713282,2220.781341
1,base64-0.23.0,decode,url-safe,padded,64,external,x86_64,linux,10,2170.417768,2146.732378,2196.814838
1,base64-0.23.0,decode,url-safe,padded,65536,external,x86_64,linux,10,4223.228251,4205.877714,4244.644320
1,base64-0.23.0,decode,url-safe,unpadded,1,external,x86_64,linux,10,79.364681,78.935850,79.434269
1,base64-0.23.0,decode,url-safe,unpadded,1024,external,x86_64,linux,10,3989.753491,3716.898694,4050.103835
1,base64-0.23.0,decode,url-safe,unpadded,11,external,x86_64,linux,10,716.172265,694.339631,725.618020
1,base64-0.23.0,decode,url-safe,unpadded,12,external,x86_64,linux,10,763.781349,754.357301,770.431019
1,base64-0.23.0,decode,url-safe,unpadded,15,external,x86_64,linux,10,890.104498,875.435324,901.724592
1,base64-0.23.0,decode,url-safe,unpadded,16,external,x86_64,linux,10,963.133036,954.481266,972.746087
1,base64-0.23.0,decode,url-safe,unpadded,2,external,x86_64,linux,10,154.771847,154.377307,155.097745
1,base64-0.23.0,decode,url-safe,unpadded,23,external,x86_64,linux,10,1168.495459,1160.743261,1213.018557
1,base64-0.23.0,decode,url-safe,unpadded,24,external,x86_64,linux,10,1196.039010,1181.786922,1238.427544
1,base64-0.23.0,decode,url-safe,unpadded,3,external,x86_64,linux,10,223.575833,221.530146,225.993652
1,base64-0.23.0,decode,url-safe,unpadded,31,external,x86_64,linux,10,1532.750251,1499.563134,1560.160707
1,base64-0.23.0,decode,url-safe,unpadded,32,external,x86_64,linux,10,1558.023727,1534.125274,1576.668460
1,base64-0.23.0,decode,url-safe,unpadded,47,external,x86_64,linux,10,1868.990437,1838.643033,1898.841089
1,base64-0.23.0,decode,url-safe,unpadded,48,external,x86_64,linux,10,1850.161642,1826.057641,1875.139929
1,base64-0.23.0,decode,url-safe,unpadded,63,external,x86_64,linux,10,2189.625496,2164.917988,2206.910050
1,base64-0.23.0,decode,url-safe,unpadded,64,external,x86_64,linux,10,2242.835636,2162.428667,2256.436061
1,base64-0.23.0,decode,url-safe,unpadded,65536,external,x86_64,linux,10,4232.360890,3373.215990,4254.323456
1,base64-0.23.0,encode,standard,padded,1,external,x86_64,linux,10,144.529929,119.583213,146.743643
1,base64-0.23.0,encode,standard,padded,1024,external,x86_64,linux,10,4724.351806,4660.179697,4767.586135
1,base64-0.23.0,encode,standard,padded,11,external,x86_64,linux,10,1096.197375,1005.877141,1121.281319
1,base64-0.23.0,encode,standard,padded,12,external,x86_64,linux,10,1208.261206,1190.985123,1246.959733
1,base64-0.23.0,encode,standard,padded,15,external,x86_64,linux,10,1376.101298,1335.894307,1421.185990
1,base64-0.23.0,encode,standard,padded,16,external,x86_64,linux,10,1397.908251,1383.411923,1432.888004
1,base64-0.23.0,encode,standard,padded,2,external,x86_64,linux,10,276.408829,273.112523,278.789590
1,base64-0.23.0,encode,standard,padded,23,external,x86_64,linux,10,1707.502329,1678.770907,1753.089952
1,base64-0.23.0,encode,standard,padded,24,external,x86_64,linux,10,1759.233594,1750.408609,1814.645397
1,base64-0.23.0,encode,standard,padded,3,external,x86_64,linux,10,410.654965,397.635761,413.013932
1,base64-0.23.0,encode,standard,padded,31,external,x86_64,linux,10,2074.941961,1866.467290,2313.172771
1,base64-0.23.0,encode,standard,padded,32,external,x86_64,linux,10,2094.243658,1894.832980,2305.201803
1,base64-0.23.0,encode,standard,padded,47,external,x86_64,linux,10,2508.041516,2331.016161,2541.391313
1,base64-0.23.0,encode,standard,padded,48,external,x86_64,linux,10,2576.275704,2563.194022,2638.853533
1,base64-0.23.0,encode,standard,padded,63,external,x86_64,linux,10,3046.627873,3023.374357,3122.083078
1,base64-0.23.0,encode,standard,padded,64,external,x86_64,linux,10,3028.829962,2994.989383,3091.271332
1,base64-0.23.0,encode,standard,padded,65536,external,x86_64,linux,10,5011.913129,4962.366652,5076.180783
1,base64-0.23.0,encode,standard,unpadded,1,external,x86_64,linux,10,147.556955,146.740478,148.125863
1,base64-0.23.0,encode,standard,unpadded,1024,external,x86_64,linux,10,4821.301956,4663.722303,4934.640684
1,base64-0.23.0,encode,standard,unpadded,11,external,x86_64,linux,10,1082.780769,1071.458067,1107.750797
1,base64-0.23.0,encode,standard,unpadded,12,external,x86_64,linux,10,1209.924264,1180.909687,1241.654502
1,base64-0.23.0,encode,standard,unpadded,15,external,x86_64,linux,10,1383.360383,1369.083393,1414.619393
1,base64-0.23.0,encode,standard,unpadded,16,external,x86_64,linux,10,1396.452038,1385.384539,1437.531356
1,base64-0.23.0,encode,standard,unpadded,2,external,x86_64,linux,10,281.154769,274.331733,285.311568
1,base64-0.23.0,encode,standard,unpadded,23,external,x86_64,linux,10,1689.459149,1610.334099,1720.921178
1,base64-0.23.0,encode,standard,unpadded,24,external,x86_64,linux,10,1790.876677,1778.091052,1843.094356
1,base64-0.23.0,encode,standard,unpadded,3,external,x86_64,linux,10,418.617170,402.982661,427.037666
1,base64-0.23.0,encode,standard,unpadded,31,external,x86_64,linux,10,2101.257343,1870.638747,2354.840813
1,base64-0.23.0,encode,standard,unpadded,32,external,x86_64,linux,10,2103.928598,1873.071322,2362.436783
1,base64-0.23.0,encode,standard,unpadded,47,external,x86_64,linux,10,2560.288256,2520.404119,2626.212980
1,base64-0.23.0,encode,standard,unpadded,48,external,x86_64,linux,10,2573.545126,2551.611152,2634.170152
1,base64-0.23.0,encode,standard,unpadded,63,external,x86_64,linux,10,3065.655193,3020.399662,3138.550048
1,base64-0.23.0,encode,standard,unpadded,64,external,x86_64,linux,10,3055.857614,3024.185927,3127.081464
1,base64-0.23.0,encode,standard,unpadded,65536,external,x86_64,linux,10,5010.029524,4950.856560,5070.768919
1,base64-0.23.0,encode,url-safe,padded,1,external,x86_64,linux,10,148.683590,147.297755,149.532576
1,base64-0.23.0,encode,url-safe,padded,1024,external,x86_64,linux,10,4891.236592,4830.048699,4939.338746
1,base64-0.23.0,encode,url-safe,padded,11,external,x86_64,linux,10,1111.756361,1100.462466,1138.596725
1,base64-0.23.0,encode,url-safe,padded,12,external,x86_64,linux,10,1210.753536,1193.145072,1234.922336
1,base64-0.23.0,encode,url-safe,padded,15,external,x86_64,linux,10,1397.670131,1381.586265,1435.591647
1,base64-0.23.0,encode,url-safe,padded,16,external,x86_64,linux,10,1408.214183,1390.000890,1454.033635
1,base64-0.23.0,encode,url-safe,padded,2,external,x86_64,linux,10,284.047799,273.885166,285.120461
1,base64-0.23.0,encode,url-safe,padded,23,external,x86_64,linux,10,1706.752952,1693.655373,1744.708536
1,base64-0.23.0,encode,url-safe,padded,24,external,x86_64,linux,10,1790.412821,1782.258327,1844.439704
1,base64-0.23.0,encode,url-safe,padded,3,external,x86_64,linux,10,416.368355,409.679861,424.888063
1,base64-0.23.0,encode,url-safe,padded,31,external,x86_64,linux,10,2009.185422,1876.379403,2280.927372
1,base64-0.23.0,encode,url-safe,padded,32,external,x86_64,linux,10,2103.761481,1902.253647,2331.070253
1,base64-0.23.0,encode,url-safe,padded,47,external,x86_64,linux,10,2507.443257,2473.558811,2561.314776
1,base64-0.23.0,encode,url-safe,padded,48,external,x86_64,linux,10,2587.096170,2570.091310,2652.581895
1,base64-0.23.0,encode,url-safe,padded,63,external,x86_64,linux,10,3053.190834,3033.550239,3136.896030
1,base64-0.23.0,encode,url-safe,padded,64,external,x86_64,linux,10,3017.160530,3001.790568,3094.387323
1,base64-0.23.0,encode,url-safe,padded,65536,external,x86_64,linux,10,5037.754635,4965.884374,5067.871469
1,base64-0.23.0,encode,url-safe,unpadded,1,external,x86_64,linux,10,146.754727,145.644948,147.158767
1,base64-0.23.0,encode,url-safe,unpadded,1024,external,x86_64,linux,10,4735.063423,4665.136502,4927.941180
1,base64-0.23.0,encode,url-safe,unpadded,11,external,x86_64,linux,10,1093.462332,1080.493663,1104.520360
1,base64-0.23.0,encode,url-safe,unpadded,12,external,x86_64,linux,10,1215.973404,1197.497164,1232.265354
1,base64-0.23.0,encode,url-safe,unpadded,15,external,x86_64,linux,10,1390.040181,1381.270910,1407.418576
1,base64-0.23.0,encode,url-safe,unpadded,16,external,x86_64,linux,10,1408.705473,1392.963792,1440.794512
1,base64-0.23.0,encode,url-safe,unpadded,2,external,x86_64,linux,10,278.458452,264.763564,283.757675
1,base64-0.23.0,encode,url-safe,unpadded,23,external,x86_64,linux,10,1688.152127,1674.307390,1725.286472
1,base64-0.23.0,encode,url-safe,unpadded,24,external,x86_64,linux,10,1783.237726,1775.024048,1843.144463
1,base64-0.23.0,encode,url-safe,unpadded,3,external,x86_64,linux,10,414.622049,397.883404,418.922465
1,base64-0.23.0,encode,url-safe,unpadded,31,external,x86_64,linux,10,2105.573411,1897.208296,2368.418638
1,base64-0.23.0,encode,url-safe,unpadded,32,external,x86_64,linux,10,2104.176355,1893.099510,2343.398033
1,base64-0.23.0,encode,url-safe,unpadded,47,external,x86_64,linux,10,2550.166477,2536.561324,2614.656352
1,base64-0.23.0,encode,url-safe,unpadded,48,external,x86_64,linux,10,2574.757804,2445.023284,2617.590630
1,base64-0.23.0,encode,url-safe,unpadded,63,external,x86_64,linux,10,3052.478651,3016.361365,3126.238575
1,base64-0.23.0,encode,url-safe,unpadded,64,external,x86_64,linux,10,3046.027287,2942.478950,3077.950639
1,base64-0.23.0,encode,url-safe,unpadded,65536,external,x86_64,linux,10,5017.626331,4936.595600,5069.605686
1,base64-ng,decode,standard,padded,1,auto,x86_64,linux,10,69.540093,68.884946,70.306162
1,base64-ng,decode,standard,padded,1,avx2,x86_64,linux,10,78.785246,73.608370,79.630186
1,base64-ng,decode,standard,padded,1,avx512-vbmi,x86_64,linux,10,73.581294,72.788151,74.049634
1,base64-ng,decode,standard,padded,1,scalar,x86_64,linux,10,103.977954,95.215688,104.594226
1,base64-ng,decode,standard,padded,1,ssse3-sse4.1,x86_64,linux,10,86.947693,85.447767,87.788723
1,base64-ng,decode,standard,padded,1024,auto,x86_64,linux,10,144.139476,141.721518,147.045979
1,base64-ng,decode,standard,padded,1024,avx2,x86_64,linux,10,112.578335,111.865097,113.423003
1,base64-ng,decode,standard,padded,1024,avx512-vbmi,x86_64,linux,10,143.977835,141.025484,146.557371
1,base64-ng,decode,standard,padded,1024,scalar,x86_64,linux,10,309.596908,309.084352,310.352506
1,base64-ng,decode,standard,padded,1024,ssse3-sse4.1,x86_64,linux,10,79.411004,78.625533,79.983699
1,base64-ng,decode,standard,padded,11,auto,x86_64,linux,10,64.127664,62.778383,64.530731
1,base64-ng,decode,standard,padded,11,avx2,x86_64,linux,10,63.518787,61.448994,63.962729
1,base64-ng,decode,standard,padded,11,avx512-vbmi,x86_64,linux,10,64.063766,63.398307,64.492546
1,base64-ng,decode,standard,padded,11,scalar,x86_64,linux,10,276.273331,271.225735,277.880811
1,base64-ng,decode,standard,padded,11,ssse3-sse4.1,x86_64,linux,10,63.734938,60.726228,64.234389
1,base64-ng,decode,standard,padded,12,auto,x86_64,linux,10,70.859133,70.314177,71.236306
1,base64-ng,decode,standard,padded,12,avx2,x86_64,linux,10,71.275954,70.636443,72.100750
1,base64-ng,decode,standard,padded,12,avx512-vbmi,x86_64,linux,10,69.517602,68.230310,70.063502
1,base64-ng,decode,standard,padded,12,scalar,x86_64,linux,10,289.215341,288.753682,289.674211
1,base64-ng,decode,standard,padded,12,ssse3-sse4.1,x86_64,linux,10,71.686221,70.568809,72.099175
1,base64-ng,decode,standard,padded,15,auto,x86_64,linux,10,81.793612,81.448518,82.052136
1,base64-ng,decode,standard,padded,15,avx2,x86_64,linux,10,82.518285,81.052064,83.020009
1,base64-ng,decode,standard,padded,15,avx512-vbmi,x86_64,linux,10,81.395560,80.880437,81.521717
1,base64-ng,decode,standard,padded,15,scalar,x86_64,linux,10,294.881295,293.604530,295.251022
1,base64-ng,decode,standard,padded,15,ssse3-sse4.1,x86_64,linux,10,82.697586,80.457770,83.449696
1,base64-ng,decode,standard,padded,16,auto,x86_64,linux,10,82.409109,81.908348,83.239365
1,base64-ng,decode,standard,padded,16,avx2,x86_64,linux,10,82.944215,81.758545,84.338012
1,base64-ng,decode,standard,padded,16,avx512-vbmi,x86_64,linux,10,83.109060,81.493949,83.792288
1,base64-ng,decode,standard,padded,16,scalar,x86_64,linux,10,284.236984,282.015273,284.793650
1,base64-ng,decode,standard,padded,16,ssse3-sse4.1,x86_64,linux,10,83.780449,83.299604,84.332971
1,base64-ng,decode,standard,padded,2,auto,x86_64,linux,10,121.759403,120.839456,122.749721
1,base64-ng,decode,standard,padded,2,avx2,x86_64,linux,10,138.055162,135.085820,139.887990
1,base64-ng,decode,standard,padded,2,avx512-vbmi,x86_64,linux,10,125.693322,122.955844,126.589970
1,base64-ng,decode,standard,padded,2,scalar,x86_64,linux,10,170.392247,166.754769,171.574218
1,base64-ng,decode,standard,padded,2,ssse3-sse4.1,x86_64,linux,10,145.382322,143.501428,146.589495
1,base64-ng,decode,standard,padded,23,auto,x86_64,linux,10,96.672094,94.931476,97.138603
1,base64-ng,decode,standard,padded,23,avx2,x86_64,linux,10,96.665845,94.205340,98.452611
1,base64-ng,decode,standard,padded,23,avx512-vbmi,x86_64,linux,10,98.006158,97.404993,98.639236
1,base64-ng,decode,standard,padded,23,scalar,x86_64,linux,10,286.511541,257.841197,290.552477
1,base64-ng,decode,standard,padded,23,ssse3-sse4.1,x86_64,linux,10,69.442895,68.592284,69.905630
1,base64-ng,decode,standard,padded,24,auto,x86_64,linux,10,103.533836,100.599185,104.600446
1,base64-ng,decode,standard,padded,24,avx2,x86_64,linux,10,104.999324,103.499680,105.503321
1,base64-ng,decode,standard,padded,24,avx512-vbmi,x86_64,linux,10,104.215378,100.525778,104.952861
1,base64-ng,decode,standard,padded,24,scalar,x86_64,linux,10,301.593747,301.370604,302.107171
1,base64-ng,decode,standard,padded,24,ssse3-sse4.1,x86_64,linux,10,74.430106,73.888087,75.011747
1,base64-ng,decode,standard,padded,3,auto,x86_64,linux,10,161.945651,159.787553,162.728853
1,base64-ng,decode,standard,padded,3,avx2,x86_64,linux,10,180.222200,177.066628,181.605066
1,base64-ng,decode,standard,padded,3,avx512-vbmi,x86_64,linux,10,169.215948,167.325681,169.949087
1,base64-ng,decode,standard,padded,3,scalar,x86_64,linux,10,220.180370,195.208844,220.800813
1,base64-ng,decode,standard,padded,3,ssse3-sse4.1,x86_64,linux,10,193.456775,192.388514,194.289191
1,base64-ng,decode,standard,padded,31,auto,x86_64,linux,10,115.075680,113.207040,116.201172
1,base64-ng,decode,standard,padded,31,avx2,x86_64,linux,10,117.848118,116.655495,118.594636
1,base64-ng,decode,standard,padded,31,avx512-vbmi,x86_64,linux,10,116.764745,116.118304,117.603084
1,base64-ng,decode,standard,padded,31,scalar,x86_64,linux,10,278.205291,268.155588,293.804422
1,base64-ng,decode,standard,padded,31,ssse3-sse4.1,x86_64,linux,10,87.115110,86.283754,87.630819
1,base64-ng,decode,standard,padded,32,auto,x86_64,linux,10,118.831774,118.020110,119.436399
1,base64-ng,decode,standard,padded,32,avx2,x86_64,linux,10,119.299282,116.892412,119.909181
1,base64-ng,decode,standard,padded,32,avx512-vbmi,x86_64,linux,10,118.087271,114.282834,118.913381
1,base64-ng,decode,standard,padded,32,scalar,x86_64,linux,10,278.708676,270.820457,299.365345
1,base64-ng,decode,standard,padded,32,ssse3-sse4.1,x86_64,linux,10,88.707819,88.518463,88.883728
1,base64-ng,decode,standard,padded,47,auto,x86_64,linux,10,134.388553,130.705849,134.762658
1,base64-ng,decode,standard,padded,47,avx2,x86_64,linux,10,104.550068,102.960227,105.246680
1,base64-ng,decode,standard,padded,47,avx512-vbmi,x86_64,linux,10,132.101076,130.690958,133.015696
1,base64-ng,decode,standard,padded,47,scalar,x86_64,linux,10,304.176709,302.516628,305.073905
1,base64-ng,decode,standard,padded,47,ssse3-sse4.1,x86_64,linux,10,74.047463,73.444214,74.463317
1,base64-ng,decode,standard,padded,48,auto,x86_64,linux,10,137.603760,135.999526,138.192039
1,base64-ng,decode,standard,padded,48,avx2,x86_64,linux,10,107.753406,104.825153,108.341514
1,base64-ng,decode,standard,padded,48,avx512-vbmi,x86_64,linux,10,141.363889,141.166442,141.685266
1,base64-ng,decode,standard,padded,48,scalar,x86_64,linux,10,307.296849,303.606736,310.894568
1,base64-ng,decode,standard,padded,48,ssse3-sse4.1,x86_64,linux,10,74.429160,73.781186,75.328997
1,base64-ng,decode,standard,padded,63,auto,x86_64,linux,10,116.323762,114.329691,118.228094
1,base64-ng,decode,standard,padded,63,avx2,x86_64,linux,10,98.783067,97.066650,99.280490
1,base64-ng,decode,standard,padded,63,avx512-vbmi,x86_64,linux,10,117.630724,115.767931,119.081575
1,base64-ng,decode,standard,padded,63,scalar,x86_64,linux,10,316.336460,313.098661,317.809403
1,base64-ng,decode,standard,padded,63,ssse3-sse4.1,x86_64,linux,10,79.331383,78.724580,79.759071
1,base64-ng,decode,standard,padded,64,auto,x86_64,linux,10,115.363036,114.957477,115.675934
1,base64-ng,decode,standard,padded,64,avx2,x86_64,linux,10,97.785921,96.870459,98.535674
1,base64-ng,decode,standard,padded,64,avx512-vbmi,x86_64,linux,10,116.345586,114.964692,117.393971
1,base64-ng,decode,standard,padded,64,scalar,x86_64,linux,10,292.930171,291.120963,304.285573
1,base64-ng,decode,standard,padded,64,ssse3-sse4.1,x86_64,linux,10,80.117807,79.233315,80.513078
1,base64-ng,decode,standard,padded,65536,auto,x86_64,linux,10,146.710184,143.453170,149.169200
1,base64-ng,decode,standard,padded,65536,avx2,x86_64,linux,10,113.412484,111.385940,113.831614
1,base64-ng,decode,standard,padded,65536,avx512-vbmi,x86_64,linux,10,148.403175,147.994026,148.637142
1,base64-ng,decode,standard,padded,65536,scalar,x86_64,linux,10,311.681636,304.439234,312.863068
1,base64-ng,decode,standard,padded,65536,ssse3-sse4.1,x86_64,linux,10,78.853551,78.560450,79.249421
1,base64-ng,decode,standard,unpadded,1,auto,x86_64,linux,10,72.574601,68.886646,75.726780
1,base64-ng,decode,standard,unpadded,1,avx2,x86_64,linux,10,89.997388,89.644221,90.389614
1,base64-ng,decode,standard,unpadded,1,avx512-vbmi,x86_64,linux,10,80.543959,79.627799,80.890485
1,base64-ng,decode,standard,unpadded,1,scalar,x86_64,linux,10,115.528981,114.626009,116.514256
1,base64-ng,decode,standard,unpadded,1,ssse3-sse4.1,x86_64,linux,10,95.477440,95.259329,95.741571
1,base64-ng,decode,standard,unpadded,1024,auto,x86_64,linux,10,148.348978,147.699530,148.723941
1,base64-ng,decode,standard,unpadded,1024,avx2,x86_64,linux,10,115.326314,114.604544,115.622235
1,base64-ng,decode,standard,unpadded,1024,avx512-vbmi,x86_64,linux,10,148.519914,147.831772,149.226681
1,base64-ng,decode,standard,unpadded,1024,scalar,x86_64,linux,10,289.991261,289.306501,290.977296
1,base64-ng,decode,standard,unpadded,1024,ssse3-sse4.1,x86_64,linux,10,79.966992,78.956130,80.709122
1,base64-ng,decode,standard,unpadded,11,auto,x86_64,linux,10,235.851238,228.632210,238.866878
1,base64-ng,decode,standard,unpadded,11,avx2,x86_64,linux,10,244.118815,236.849170,246.409620
1,base64-ng,decode,standard,unpadded,11,avx512-vbmi,x86_64,linux,10,235.395893,233.184832,238.203621
1,base64-ng,decode,standard,unpadded,11,scalar,x86_64,linux,10,260.711059,253.369802,265.138525
1,base64-ng,decode,standard,unpadded,11,ssse3-sse4.1,x86_64,linux,10,249.130133,243.416101,249.534318
1,base64-ng,decode,standard,unpadded,12,auto,x86_64,linux,10,69.150203,67.676037,69.849089
1,base64-ng,decode,standard,unpadded,12,avx2,x86_64,linux,10,69.047162,65.264662,70.623165
1,base64-ng,decode,standard,unpadded,12,avx512-vbmi,x86_64,linux,10,69.433973,68.091272,69.793377
1,base64-ng,decode,standard,unpadded,12,scalar,x86_64,linux,10,268.538535,265.869354,268.910904
1,base64-ng,decode,standard,unpadded,12,ssse3-sse4.1,x86_64,linux,10,70.328356,69.616743,70.994652
1,base64-ng,decode,standard,unpadded,15,auto,x86_64,linux,10,81.158577,80.857570,81.644732
1,base64-ng,decode,standard,unpadded,15,avx2,x86_64,linux,10,82.342748,82.133057,82.619753
1,base64-ng,decode,standard,unpadded,15,avx512-vbmi,x86_64,linux,10,81.588509,80.760521,81.715485
1,base64-ng,decode,standard,unpadded,15,scalar,x86_64,linux,10,275.015281,274.288355,275.388669
1,base64-ng,decode,standard,unpadded,15,ssse3-sse4.1,x86_64,linux,10,82.228286,81.653275,82.625037
1,base64-ng,decode,standard,unpadded,16,auto,x86_64,linux,10,83.732775,83.267018,84.156611
1,base64-ng,decode,standard,unpadded,16,avx2,x86_64,linux,10,84.819726,84.029186,85.192220
1,base64-ng,decode,standard,unpadded,16,avx512-vbmi,x86_64,linux,10,84.264995,83.516274,84.552719
1,base64-ng,decode,standard,unpadded,16,scalar,x86_64,linux,10,270.930912,270.459409,271.043293
1,base64-ng,decode,standard,unpadded,16,ssse3-sse4.1,x86_64,linux,10,84.888548,84.432327,85.323690
1,base64-ng,decode,standard,unpadded,2,auto,x86_64,linux,10,130.664952,130.153120,131.065898
1,base64-ng,decode,standard,unpadded,2,avx2,x86_64,linux,10,149.152935,148.814468,149.360558
1,base64-ng,decode,standard,unpadded,2,avx512-vbmi,x86_64,linux,10,135.933646,134.934702,136.565357
1,base64-ng,decode,standard,unpadded,2,scalar,x86_64,linux,10,184.786919,183.680620,185.371681
1,base64-ng,decode,standard,unpadded,2,ssse3-sse4.1,x86_64,linux,10,158.378352,158.230896,158.563818
1,base64-ng,decode,standard,unpadded,23,auto,x86_64,linux,10,105.903621,104.565658,106.496979
1,base64-ng,decode,standard,unpadded,23,avx2,x86_64,linux,10,104.367863,102.939395,105.238601
1,base64-ng,decode,standard,unpadded,23,avx512-vbmi,x86_64,linux,10,103.261099,99.775917,104.445432
1,base64-ng,decode,standard,unpadded,23,scalar,x86_64,linux,10,279.030432,271.113350,281.306032
1,base64-ng,decode,standard,unpadded,23,ssse3-sse4.1,x86_64,linux,10,103.730288,102.092849,107.521801
1,base64-ng,decode,standard,unpadded,24,auto,x86_64,linux,10,102.794741,102.526959,105.563900
1,base64-ng,decode,standard,unpadded,24,avx2,x86_64,linux,10,105.549319,105.045950,106.007518
1,base64-ng,decode,standard,unpadded,24,avx512-vbmi,x86_64,linux,10,103.915754,101.208614,105.138566
1,base64-ng,decode,standard,unpadded,24,scalar,x86_64,linux,10,280.860783,279.199901,281.834608
1,base64-ng,decode,standard,unpadded,24,ssse3-sse4.1,x86_64,linux,10,75.278692,74.702630,75.587408
1,base64-ng,decode,standard,unpadded,3,auto,x86_64,linux,10,153.921516,153.315810,154.262263
1,base64-ng,decode,standard,unpadded,3,avx2,x86_64,linux,10,173.200562,166.371837,173.982762
1,base64-ng,decode,standard,unpadded,3,avx512-vbmi,x86_64,linux,10,160.088838,158.571480,161.173972
1,base64-ng,decode,standard,unpadded,3,scalar,x86_64,linux,10,202.582105,186.416013,204.261647
1,base64-ng,decode,standard,unpadded,3,ssse3-sse4.1,x86_64,linux,10,181.607241,172.045093,182.098487
1,base64-ng,decode,standard,unpadded,31,auto,x86_64,linux,10,118.088076,117.147059,119.008442
1,base64-ng,decode,standard,unpadded,31,avx2,x86_64,linux,10,119.618988,116.698286,120.009615
1,base64-ng,decode,standard,unpadded,31,avx512-vbmi,x86_64,linux,10,118.518439,117.255881,119.109985
1,base64-ng,decode,standard,unpadded,31,scalar,x86_64,linux,10,281.457323,281.165360,281.852354
1,base64-ng,decode,standard,unpadded,31,ssse3-sse4.1,x86_64,linux,10,88.040706,87.486443,88.817994
1,base64-ng,decode,standard,unpadded,32,auto,x86_64,linux,10,120.313502,118.853520,121.208849
1,base64-ng,decode,standard,unpadded,32,avx2,x86_64,linux,10,122.122559,120.578917,122.286901
1,base64-ng,decode,standard,unpadded,32,avx512-vbmi,x86_64,linux,10,121.232279,120.674731,121.974830
1,base64-ng,decode,standard,unpadded,32,scalar,x86_64,linux,10,281.670160,278.909161,284.564847
1,base64-ng,decode,standard,unpadded,32,ssse3-sse4.1,x86_64,linux,10,89.219898,88.297558,90.327854
1,base64-ng,decode,standard,unpadded,47,auto,x86_64,linux,10,103.499763,102.652982,103.916163
1,base64-ng,decode,standard,unpadded,47,avx2,x86_64,linux,10,104.195757,103.990895,104.474131
1,base64-ng,decode,standard,unpadded,47,avx512-vbmi,x86_64,linux,10,103.873419,103.707938,104.119279
1,base64-ng,decode,standard,unpadded,47,scalar,x86_64,linux,10,286.497822,272.775419,287.554127
1,base64-ng,decode,standard,unpadded,47,ssse3-sse4.1,x86_64,linux,10,90.637841,90.409504,90.945691
1,base64-ng,decode,standard,unpadded,48,auto,x86_64,linux,10,141.206417,139.103975,142.998549
1,base64-ng,decode,standard,unpadded,48,avx2,x86_64,linux,10,106.450130,105.771777,107.219843
1,base64-ng,decode,standard,unpadded,48,avx512-vbmi,x86_64,linux,10,138.871751,137.431783,140.402572
1,base64-ng,decode,standard,unpadded,48,scalar,x86_64,linux,10,286.152183,282.354448,287.882286
1,base64-ng,decode,standard,unpadded,48,ssse3-sse4.1,x86_64,linux,10,74.964214,74.662773,75.606218
1,base64-ng,decode,standard,unpadded,63,auto,x86_64,linux,10,118.114210,114.723117,120.030122
1,base64-ng,decode,standard,unpadded,63,avx2,x86_64,linux,10,100.166520,99.529910,100.527637
1,base64-ng,decode,standard,unpadded,63,avx512-vbmi,x86_64,linux,10,118.600140,117.743267,120.154315
1,base64-ng,decode,standard,unpadded,63,scalar,x86_64,linux,10,287.110203,286.211039,287.489863
1,base64-ng,decode,standard,unpadded,63,ssse3-sse4.1,x86_64,linux,10,79.693531,79.187148,80.048616
1,base64-ng,decode,standard,unpadded,64,auto,x86_64,linux,10,118.981888,118.082767,119.998723
1,base64-ng,decode,standard,unpadded,64,avx2,x86_64,linux,10,100.965769,100.665631,101.259955
1,base64-ng,decode,standard,unpadded,64,avx512-vbmi,x86_64,linux,10,118.176753,112.680078,118.610659
1,base64-ng,decode,standard,unpadded,64,scalar,x86_64,linux,10,285.347840,282.800731,286.808193
1,base64-ng,decode,standard,unpadded,64,ssse3-sse4.1,x86_64,linux,10,80.423439,79.931513,80.772836
1,base64-ng,decode,standard,unpadded,65536,auto,x86_64,linux,10,151.681479,151.244493,152.150565
1,base64-ng,decode,standard,unpadded,65536,avx2,x86_64,linux,10,115.958910,114.742679,116.684072
1,base64-ng,decode,standard,unpadded,65536,avx512-vbmi,x86_64,linux,10,148.140946,146.726063,151.282829
1,base64-ng,decode,standard,unpadded,65536,scalar,x86_64,linux,10,292.491357,292.380306,293.201586
1,base64-ng,decode,standard,unpadded,65536,ssse3-sse4.1,x86_64,linux,10,79.863169,78.546989,80.033502
1,base64-ng,decode,url-safe,padded,1,auto,x86_64,linux,10,69.948343,68.011456,70.885788
1,base64-ng,decode,url-safe,padded,1,avx2,x86_64,linux,10,80.073150,78.572742,80.668809
1,base64-ng,decode,url-safe,padded,1,avx512-vbmi,x86_64,linux,10,73.236998,72.277030,73.910192
1,base64-ng,decode,url-safe,padded,1,scalar,x86_64,linux,10,104.779973,104.533678,104.970263
1,base64-ng,decode,url-safe,padded,1,ssse3-sse4.1,x86_64,linux,10,87.239596,86.959533,88.035923
1,base64-ng,decode,url-safe,padded,1024,auto,x86_64,linux,10,145.534220,144.763240,146.174943
1,base64-ng,decode,url-safe,padded,1024,avx2,x86_64,linux,10,113.030172,112.886212,113.176744
1,base64-ng,decode,url-safe,padded,1024,avx512-vbmi,x86_64,linux,10,145.353557,144.784871,146.355360
1,base64-ng,decode,url-safe,padded,1024,scalar,x86_64,linux,10,310.286868,308.839027,310.601642
1,base64-ng,decode,url-safe,padded,1024,ssse3-sse4.1,x86_64,linux,10,79.801823,79.336498,80.125566
1,base64-ng,decode,url-safe,padded,11,auto,x86_64,linux,10,64.541617,64.183717,64.661632
1,base64-ng,decode,url-safe,padded,11,avx2,x86_64,linux,10,62.936142,61.246841,63.677155
1,base64-ng,decode,url-safe,padded,11,avx512-vbmi,x86_64,linux,10,63.595517,62.453262,64.776217
1,base64-ng,decode,url-safe,padded,11,scalar,x86_64,linux,10,275.081051,267.849396,276.449843
1,base64-ng,decode,url-safe,padded,11,ssse3-sse4.1,x86_64,linux,10,63.546212,62.775115,64.068452
1,base64-ng,decode,url-safe,padded,12,auto,x86_64,linux,10,70.475683,70.161588,70.685733
1,base64-ng,decode,url-safe,padded,12,avx2,x86_64,linux,10,68.485296,67.819577,70.911050
1,base64-ng,decode,url-safe,padded,12,avx512-vbmi,x86_64,linux,10,68.899176,67.901378,69.334853
1,base64-ng,decode,url-safe,padded,12,scalar,x86_64,linux,10,289.113504,288.760749,289.448436
1,base64-ng,decode,url-safe,padded,12,ssse3-sse4.1,x86_64,linux,10,70.487703,69.208523,71.675539
1,base64-ng,decode,url-safe,padded,15,auto,x86_64,linux,10,80.804008,80.031611,81.611053
1,base64-ng,decode,url-safe,padded,15,avx2,x86_64,linux,10,81.826251,81.529125,82.087344
1,base64-ng,decode,url-safe,padded,15,avx512-vbmi,x86_64,linux,10,80.899881,78.103866,82.036321
1,base64-ng,decode,url-safe,padded,15,scalar,x86_64,linux,10,295.686254,293.595436,297.040618
1,base64-ng,decode,url-safe,padded,15,ssse3-sse4.1,x86_64,linux,10,82.256608,81.870585,82.717221
1,base64-ng,decode,url-safe,padded,16,auto,x86_64,linux,10,82.724868,81.934929,83.308023
1,base64-ng,decode,url-safe,padded,16,avx2,x86_64,linux,10,83.704757,82.184129,84.123309
1,base64-ng,decode,url-safe,padded,16,avx512-vbmi,x86_64,linux,10,82.998728,81.106346,83.584742
1,base64-ng,decode,url-safe,padded,16,scalar,x86_64,linux,10,284.219566,282.808149,284.702433
1,base64-ng,decode,url-safe,padded,16,ssse3-sse4.1,x86_64,linux,10,83.351123,81.602374,83.922150
1,base64-ng,decode,url-safe,padded,2,auto,x86_64,linux,10,122.768295,122.456097,123.501090
1,base64-ng,decode,url-safe,padded,2,avx2,x86_64,linux,10,140.660155,139.851436,140.881050
1,base64-ng,decode,url-safe,padded,2,avx512-vbmi,x86_64,linux,10,126.732645,126.272675,127.041199
1,base64-ng,decode,url-safe,padded,2,scalar,x86_64,linux,10,172.104938,171.176402,172.480295
1,base64-ng,decode,url-safe,padded,2,ssse3-sse4.1,x86_64,linux,10,147.312354,146.767215,147.583292
1,base64-ng,decode,url-safe,padded,23,auto,x86_64,linux,10,97.301031,95.742375,99.449887
1,base64-ng,decode,url-safe,padded,23,avx2,x86_64,linux,10,95.485757,93.312607,100.083210
1,base64-ng,decode,url-safe,padded,23,avx512-vbmi,x86_64,linux,10,97.120521,95.504528,99.399230
1,base64-ng,decode,url-safe,padded,23,scalar,x86_64,linux,10,287.292858,286.494670,290.172343
1,base64-ng,decode,url-safe,padded,23,ssse3-sse4.1,x86_64,linux,10,69.744624,69.384403,70.473832
1,base64-ng,decode,url-safe,padded,24,auto,x86_64,linux,10,104.873795,104.477392,105.028570
1,base64-ng,decode,url-safe,padded,24,avx2,x86_64,linux,10,102.682143,101.536408,106.142034
1,base64-ng,decode,url-safe,padded,24,avx512-vbmi,x86_64,linux,10,104.866291,101.551774,105.228100
1,base64-ng,decode,url-safe,padded,24,scalar,x86_64,linux,10,302.238565,300.603866,304.730815
1,base64-ng,decode,url-safe,padded,24,ssse3-sse4.1,x86_64,linux,10,75.577135,72.176535,76.293855
1,base64-ng,decode,url-safe,padded,3,auto,x86_64,linux,10,162.563628,161.207685,163.357794
1,base64-ng,decode,url-safe,padded,3,avx2,x86_64,linux,10,181.894654,181.311801,182.443164
1,base64-ng,decode,url-safe,padded,3,avx512-vbmi,x86_64,linux,10,168.340862,157.140100,168.572856
1,base64-ng,decode,url-safe,padded,3,scalar,x86_64,linux,10,220.585183,219.962519,220.902949
1,base64-ng,decode,url-safe,padded,3,ssse3-sse4.1,x86_64,linux,10,194.198064,193.784639,194.426928
1,base64-ng,decode,url-safe,padded,31,auto,x86_64,linux,10,116.542808,114.550603,117.178344
1,base64-ng,decode,url-safe,padded,31,avx2,x86_64,linux,10,118.250078,114.926478,118.845232
1,base64-ng,decode,url-safe,padded,31,avx512-vbmi,x86_64,linux,10,117.188408,116.725614,117.494843
1,base64-ng,decode,url-safe,padded,31,scalar,x86_64,linux,10,281.957942,267.858203,298.230803
1,base64-ng,decode,url-safe,padded,31,ssse3-sse4.1,x86_64,linux,10,87.815970,86.206584,88.464286
1,base64-ng,decode,url-safe,padded,32,auto,x86_64,linux,10,118.771874,112.593739,119.431199
1,base64-ng,decode,url-safe,padded,32,avx2,x86_64,linux,10,119.105140,114.090694,120.637321
1,base64-ng,decode,url-safe,padded,32,avx512-vbmi,x86_64,linux,10,118.965965,114.213316,119.767439
1,base64-ng,decode,url-safe,padded,32,scalar,x86_64,linux,10,284.085514,270.746070,301.195316
1,base64-ng,decode,url-safe,padded,32,ssse3-sse4.1,x86_64,linux,10,89.754921,88.140970,90.259487
1,base64-ng,decode,url-safe,padded,47,auto,x86_64,linux,10,135.423007,134.612851,136.382962
1,base64-ng,decode,url-safe,padded,47,avx2,x86_64,linux,10,104.855337,102.714833,106.837632
1,base64-ng,decode,url-safe,padded,47,avx512-vbmi,x86_64,linux,10,131.624201,129.365809,135.992595
1,base64-ng,decode,url-safe,padded,47,scalar,x86_64,linux,10,304.573201,303.690177,305.229272
1,base64-ng,decode,url-safe,padded,47,ssse3-sse4.1,x86_64,linux,10,75.110079,74.415821,75.743186
1,base64-ng,decode,url-safe,padded,48,auto,x86_64,linux,10,138.537611,137.868586,138.982433
1,base64-ng,decode,url-safe,padded,48,avx2,x86_64,linux,10,109.535770,108.478249,109.848663
1,base64-ng,decode,url-safe,padded,48,avx512-vbmi,x86_64,linux,10,142.569009,141.994952,142.745618
1,base64-ng,decode,url-safe,padded,48,scalar,x86_64,linux,10,309.008375,303.315826,310.183217
1,base64-ng,decode,url-safe,padded,48,ssse3-sse4.1,x86_64,linux,10,76.224979,75.730213,77.163922
1,base64-ng,decode,url-safe,padded,63,auto,x86_64,linux,10,118.606305,111.954748,120.099158
1,base64-ng,decode,url-safe,padded,63,avx2,x86_64,linux,10,99.282963,98.145433,100.818659
1,base64-ng,decode,url-safe,padded,63,avx512-vbmi,x86_64,linux,10,119.616418,116.339194,119.880013
1,base64-ng,decode,url-safe,padded,63,scalar,x86_64,linux,10,315.676103,314.389591,317.393033
1,base64-ng,decode,url-safe,padded,63,ssse3-sse4.1,x86_64,linux,10,80.777496,78.588080,81.113913
1,base64-ng,decode,url-safe,padded,64,auto,x86_64,linux,10,117.546232,117.126617,117.896493
1,base64-ng,decode,url-safe,padded,64,avx2,x86_64,linux,10,99.035455,93.500303,99.690809
1,base64-ng,decode,url-safe,padded,64,avx512-vbmi,x86_64,linux,10,117.021778,116.171628,117.777164
1,base64-ng,decode,url-safe,padded,64,scalar,x86_64,linux,10,294.235007,293.392278,294.821099
1,base64-ng,decode,url-safe,padded,64,ssse3-sse4.1,x86_64,linux,10,80.730609,80.263148,80.979197
1,base64-ng,decode,url-safe,padded,65536,auto,x86_64,linux,10,148.689963,148.405461,149.092545
1,base64-ng,decode,url-safe,padded,65536,avx2,x86_64,linux,10,114.292440,113.587931,114.843513
1,base64-ng,decode,url-safe,padded,65536,avx512-vbmi,x86_64,linux,10,148.390540,147.484941,149.384923
1,base64-ng,decode,url-safe,padded,65536,scalar,x86_64,linux,10,312.888189,312.714307,313.103483
1,base64-ng,decode,url-safe,padded,65536,ssse3-sse4.1,x86_64,linux,10,79.978735,79.106502,80.289555
1,base64-ng,decode,url-safe,unpadded,1,auto,x86_64,linux,10,73.551350,68.125721,76.928672
1,base64-ng,decode,url-safe,unpadded,1,avx2,x86_64,linux,10,89.143360,84.720067,90.368439
1,base64-ng,decode,url-safe,unpadded,1,avx512-vbmi,x86_64,linux,10,80.425581,80.048649,81.192131
1,base64-ng,decode,url-safe,unpadded,1,scalar,x86_64,linux,10,115.778059,112.636906,116.169840
1,base64-ng,decode,url-safe,unpadded,1,ssse3-sse4.1,x86_64,linux,10,94.608642,94.371123,95.321726
1,base64-ng,decode,url-safe,unpadded,1024,auto,x86_64,linux,10,148.226200,140.792868,149.269137
1,base64-ng,decode,url-safe,unpadded,1024,avx2,x86_64,linux,10,115.412266,109.985441,116.373681
1,base64-ng,decode,url-safe,unpadded,1024,avx512-vbmi,x86_64,linux,10,148.365284,147.496220,149.230033
1,base64-ng,decode,url-safe,unpadded,1024,scalar,x86_64,linux,10,290.061163,288.033967,291.455459
1,base64-ng,decode,url-safe,unpadded,1024,ssse3-sse4.1,x86_64,linux,10,80.589415,76.124658,81.146386
1,base64-ng,decode,url-safe,unpadded,11,auto,x86_64,linux,10,238.355799,233.992906,238.887749
1,base64-ng,decode,url-safe,unpadded,11,avx2,x86_64,linux,10,245.207782,241.895535,247.709732
1,base64-ng,decode,url-safe,unpadded,11,avx512-vbmi,x86_64,linux,10,237.632763,236.677006,239.306572
1,base64-ng,decode,url-safe,unpadded,11,scalar,x86_64,linux,10,263.104246,259.896760,264.940414
1,base64-ng,decode,url-safe,unpadded,11,ssse3-sse4.1,x86_64,linux,10,250.205894,249.004692,253.391309
1,base64-ng,decode,url-safe,unpadded,12,auto,x86_64,linux,10,69.677355,68.303710,70.615945
1,base64-ng,decode,url-safe,unpadded,12,avx2,x86_64,linux,10,71.787948,71.126290,72.192768
1,base64-ng,decode,url-safe,unpadded,12,avx512-vbmi,x86_64,linux,10,71.230364,70.675997,71.586078
1,base64-ng,decode,url-safe,unpadded,12,scalar,x86_64,linux,10,268.891439,267.851190,269.623535
1,base64-ng,decode,url-safe,unpadded,12,ssse3-sse4.1,x86_64,linux,10,72.277703,71.632201,72.573689
1,base64-ng,decode,url-safe,unpadded,15,auto,x86_64,linux,10,81.868785,80.903848,82.721692
1,base64-ng,decode,url-safe,unpadded,15,avx2,x86_64,linux,10,82.743553,81.908528,83.554103
1,base64-ng,decode,url-safe,unpadded,15,avx512-vbmi,x86_64,linux,10,82.126792,81.375896,82.929135
1,base64-ng,decode,url-safe,unpadded,15,scalar,x86_64,linux,10,274.138340,271.650142,275.705889
1,base64-ng,decode,url-safe,unpadded,15,ssse3-sse4.1,x86_64,linux,10,83.360551,82.030591,83.843148
1,base64-ng,decode,url-safe,unpadded,16,auto,x86_64,linux,10,84.060505,83.612155,84.788851
1,base64-ng,decode,url-safe,unpadded,16,avx2,x86_64,linux,10,85.234066,84.989214,85.475912
1,base64-ng,decode,url-safe,unpadded,16,avx512-vbmi,x86_64,linux,10,84.432360,83.952872,84.746321
1,base64-ng,decode,url-safe,unpadded,16,scalar,x86_64,linux,10,270.239739,269.456911,271.310913
1,base64-ng,decode,url-safe,unpadded,16,ssse3-sse4.1,x86_64,linux,10,85.321046,85.107466,85.750372
1,base64-ng,decode,url-safe,unpadded,2,auto,x86_64,linux,10,130.534984,130.189877,130.724640
1,base64-ng,decode,url-safe,unpadded,2,avx2,x86_64,linux,10,149.451288,148.952874,149.888099
1,base64-ng,decode,url-safe,unpadded,2,avx512-vbmi,x86_64,linux,10,135.307066,135.005225,135.698338
1,base64-ng,decode,url-safe,unpadded,2,scalar,x86_64,linux,10,186.925321,186.360256,187.423025
1,base64-ng,decode,url-safe,unpadded,2,ssse3-sse4.1,x86_64,linux,10,158.494039,158.124460,159.096985
1,base64-ng,decode,url-safe,unpadded,23,auto,x86_64,linux,10,106.173868,105.403136,107.209341
1,base64-ng,decode,url-safe,unpadded,23,avx2,x86_64,linux,10,104.839036,103.875474,107.850681
1,base64-ng,decode,url-safe,unpadded,23,avx512-vbmi,x86_64,linux,10,104.141300,100.194228,105.640559
1,base64-ng,decode,url-safe,unpadded,23,scalar,x86_64,linux,10,280.293589,278.942043,281.660856
1,base64-ng,decode,url-safe,unpadded,23,ssse3-sse4.1,x86_64,linux,10,105.473197,100.679264,108.285184
1,base64-ng,decode,url-safe,unpadded,24,auto,x86_64,linux,10,103.599506,103.154168,104.464843
1,base64-ng,decode,url-safe,unpadded,24,avx2,x86_64,linux,10,105.063931,104.392676,105.814473
1,base64-ng,decode,url-safe,unpadded,24,avx512-vbmi,x86_64,linux,10,103.266840,101.564329,105.312259
1,base64-ng,decode,url-safe,unpadded,24,scalar,x86_64,linux,10,278.931914,276.175590,280.649694
1,base64-ng,decode,url-safe,unpadded,24,ssse3-sse4.1,x86_64,linux,10,76.143103,75.352660,76.563810
1,base64-ng,decode,url-safe,unpadded,3,auto,x86_64,linux,10,156.346247,156.079233,156.805710
1,base64-ng,decode,url-safe,unpadded,3,avx2,x86_64,linux,10,175.158880,174.687063,175.570795
1,base64-ng,decode,url-safe,unpadded,3,avx512-vbmi,x86_64,linux,10,161.534843,160.597545,161.980497
1,base64-ng,decode,url-safe,unpadded,3,scalar,x86_64,linux,10,205.069930,204.945702,205.568093
1,base64-ng,decode,url-safe,unpadded,3,ssse3-sse4.1,x86_64,linux,10,182.169474,181.272278,182.791654
1,base64-ng,decode,url-safe,unpadded,31,auto,x86_64,linux,10,119.060118,117.788483,120.352351
1,base64-ng,decode,url-safe,unpadded,31,avx2,x86_64,linux,10,120.521150,119.510991,121.316684
1,base64-ng,decode,url-safe,unpadded,31,avx512-vbmi,x86_64,linux,10,119.739699,118.464421,120.662032
1,base64-ng,decode,url-safe,unpadded,31,scalar,x86_64,linux,10,280.818278,279.079691,282.191020
1,base64-ng,decode,url-safe,unpadded,31,ssse3-sse4.1,x86_64,linux,10,88.719300,88.553091,89.519435
1,base64-ng,decode,url-safe,unpadded,32,auto,x86_64,linux,10,121.356467,120.146098,123.377969
1,base64-ng,decode,url-safe,unpadded,32,avx2,x86_64,linux,10,123.203977,122.604146,124.172322
1,base64-ng,decode,url-safe,unpadded,32,avx512-vbmi,x86_64,linux,10,122.609082,121.408070,123.667001
1,base64-ng,decode,url-safe,unpadded,32,scalar,x86_64,linux,10,283.935065,282.911142,284.382421
1,base64-ng,decode,url-safe,unpadded,32,ssse3-sse4.1,x86_64,linux,10,91.100727,90.829246,91.394069
1,base64-ng,decode,url-safe,unpadded,47,auto,x86_64,linux,10,103.916649,103.019100,104.732214
1,base64-ng,decode,url-safe,unpadded,47,avx2,x86_64,linux,10,104.805514,104.294905,105.441779
1,base64-ng,decode,url-safe,unpadded,47,avx512-vbmi,x86_64,linux,10,104.570932,104.123353,104.907240
1,base64-ng,decode,url-safe,unpadded,47,scalar,x86_64,linux,10,286.991384,286.512019,288.129170
1,base64-ng,decode,url-safe,unpadded,47,ssse3-sse4.1,x86_64,linux,10,90.527637,88.480959,91.655057
1,base64-ng,decode,url-safe,unpadded,48,auto,x86_64,linux,10,138.810043,136.380102,141.590882
1,base64-ng,decode,url-safe,unpadded,48,avx2,x86_64,linux,10,107.649919,105.191724,109.210796
1,base64-ng,decode,url-safe,unpadded,48,avx512-vbmi,x86_64,linux,10,139.357365,138.675834,140.284167
1,base64-ng,decode,url-safe,unpadded,48,scalar,x86_64,linux,10,287.049185,278.753090,287.547213
1,base64-ng,decode,url-safe,unpadded,48,ssse3-sse4.1,x86_64,linux,10,76.416457,75.004037,77.933101
1,base64-ng,decode,url-safe,unpadded,63,auto,x86_64,linux,10,115.833484,114.941833,119.002072
1,base64-ng,decode,url-safe,unpadded,63,avx2,x86_64,linux,10,100.495871,100.310171,101.772949
1,base64-ng,decode,url-safe,unpadded,63,avx512-vbmi,x86_64,linux,10,118.582835,117.748334,119.225098
1,base64-ng,decode,url-safe,unpadded,63,scalar,x86_64,linux,10,285.906744,280.010580,287.480771
1,base64-ng,decode,url-safe,unpadded,63,ssse3-sse4.1,x86_64,linux,10,80.226843,79.491518,80.976324
1,base64-ng,decode,url-safe,unpadded,64,auto,x86_64,linux,10,118.187532,117.776610,119.533826
1,base64-ng,decode,url-safe,unpadded,64,avx2,x86_64,linux,10,101.165354,98.818142,102.213286
1,base64-ng,decode,url-safe,unpadded,64,avx512-vbmi,x86_64,linux,10,117.986131,115.689373,119.576249
1,base64-ng,decode,url-safe,unpadded,64,scalar,x86_64,linux,10,284.936610,277.289363,286.905044
1,base64-ng,decode,url-safe,unpadded,64,ssse3-sse4.1,x86_64,linux,10,80.322926,79.938556,81.049244
1,base64-ng,decode,url-safe,unpadded,65536,auto,x86_64,linux,10,151.132834,150.034780,151.787524
1,base64-ng,decode,url-safe,unpadded,65536,avx2,x86_64,linux,10,116.656575,110.933264,117.567476
1,base64-ng,decode,url-safe,unpadded,65536,avx512-vbmi,x86_64,linux,10,151.928450,150.591127,152.394021
1,base64-ng,decode,url-safe,unpadded,65536,scalar,x86_64,linux,10,291.522723,290.724507,293.537457
1,base64-ng,decode,url-safe,unpadded,65536,ssse3-sse4.1,x86_64,linux,10,80.582669,79.848291,81.050049
1,base64-ng,encode,standard,padded,1,auto,x86_64,linux,10,148.287918,141.717747,150.723607
1,base64-ng,encode,standard,padded,1,avx2,x86_64,linux,10,118.826140,117.576876,120.690399
1,base64-ng,encode,standard,padded,1,avx512-vbmi,x86_64,linux,10,114.123530,112.130738,114.912368
1,base64-ng,encode,standard,padded,1,scalar,x86_64,linux,10,151.718822,150.375216,152.508002
1,base64-ng,encode,standard,padded,1,ssse3-sse4.1,x86_64,linux,10,119.937040,115.680373,121.361793
1,base64-ng,encode,standard,padded,1024,auto,x86_64,linux,10,1065.157357,1046.283392,1068.574143
1,base64-ng,encode,standard,padded,1024,avx2,x86_64,linux,10,610.489137,606.370590,613.047302
1,base64-ng,encode,standard,padded,1024,avx512-vbmi,x86_64,linux,10,1082.929187,1071.142901,1094.982625
1,base64-ng,encode,standard,padded,1024,scalar,x86_64,linux,10,2030.235248,2021.748964,2048.051382
1,base64-ng,encode,standard,padded,1024,ssse3-sse4.1,x86_64,linux,10,336.116907,332.111440,343.382479
1,base64-ng,encode,standard,padded,11,auto,x86_64,linux,10,310.611420,308.669023,312.760808
1,base64-ng,encode,standard,padded,11,avx2,x86_64,linux,10,292.822029,289.688120,295.519585
1,base64-ng,encode,standard,padded,11,avx512-vbmi,x86_64,linux,10,294.205514,292.126290,295.381229
1,base64-ng,encode,standard,padded,11,scalar,x86_64,linux,10,313.957058,296.202107,315.344553
1,base64-ng,encode,standard,padded,11,ssse3-sse4.1,x86_64,linux,10,293.920138,291.380320,300.111881
1,base64-ng,encode,standard,padded,12,auto,x86_64,linux,10,313.328550,304.573417,313.788786
1,base64-ng,encode,standard,padded,12,avx2,x86_64,linux,10,305.192365,303.615647,305.393482
1,base64-ng,encode,standard,padded,12,avx512-vbmi,x86_64,linux,10,304.212294,302.998107,304.699630
1,base64-ng,encode,standard,padded,12,scalar,x86_64,linux,10,318.233511,315.824719,318.925579
1,base64-ng,encode,standard,padded,12,ssse3-sse4.1,x86_64,linux,10,214.932719,212.852005,218.203704
1,base64-ng,encode,standard,padded,15,auto,x86_64,linux,10,322.595430,319.395067,323.457377
1,base64-ng,encode,standard,padded,15,avx2,x86_64,linux,10,315.408558,314.115162,316.028456
1,base64-ng,encode,standard,padded,15,avx512-vbmi,x86_64,linux,10,314.208718,312.035038,315.035268
1,base64-ng,encode,standard,padded,15,scalar,x86_64,linux,10,326.728275,326.148640,327.425013
1,base64-ng,encode,standard,padded,15,ssse3-sse4.1,x86_64,linux,10,237.017033,235.799169,238.623334
1,base64-ng,encode,standard,padded,16,auto,x86_64,linux,10,320.841583,316.769433,323.360779
1,base64-ng,encode,standard,padded,16,avx2,x86_64,linux,10,315.382942,313.274007,316.221782
1,base64-ng,encode,standard,padded,16,avx512-vbmi,x86_64,linux,10,313.907468,312.691548,315.305977
1,base64-ng,encode,standard,padded,16,scalar,x86_64,linux,10,325.618658,325.362971,326.418005
1,base64-ng,encode,standard,padded,16,ssse3-sse4.1,x86_64,linux,10,238.801147,238.445014,242.261692
1,base64-ng,encode,standard,padded,2,auto,x86_64,linux,10,219.444391,211.778574,222.433398
1,base64-ng,encode,standard,padded,2,avx2,x86_64,linux,10,186.920639,177.741124,188.970492
1,base64-ng,encode,standard,padded,2,avx512-vbmi,x86_64,linux,10,178.786127,176.550742,180.032156
1,base64-ng,encode,standard,padded,2,scalar,x86_64,linux,10,222.235745,215.418922,224.400100
1,base64-ng,encode,standard,padded,2,ssse3-sse4.1,x86_64,linux,10,185.708124,160.529613,186.895652
1,base64-ng,encode,standard,padded,23,auto,x86_64,linux,10,320.503358,294.657407,330.347136
1,base64-ng,encode,standard,padded,23,avx2,x86_64,linux,10,324.788791,321.333561,328.451830
1,base64-ng,encode,standard,padded,23,avx512-vbmi,x86_64,linux,10,329.787733,329.006652,330.687533
1,base64-ng,encode,standard,padded,23,scalar,x86_64,linux,10,318.688121,305.053684,332.326692
1,base64-ng,encode,standard,padded,23,ssse3-sse4.1,x86_64,linux,10,263.200401,257.405165,265.189445
1,base64-ng,encode,standard,padded,24,auto,x86_64,linux,10,324.233818,314.456669,334.667469
1,base64-ng,encode,standard,padded,24,avx2,x86_64,linux,10,416.116430,392.989545,420.348689
1,base64-ng,encode,standard,padded,24,avx512-vbmi,x86_64,linux,10,332.599736,303.046963,332.904391
1,base64-ng,encode,standard,padded,24,scalar,x86_64,linux,10,327.187473,316.664730,339.195997
1,base64-ng,encode,standard,padded,24,ssse3-sse4.1,x86_64,linux,10,256.140754,253.104528,257.802120
1,base64-ng,encode,standard,padded,3,auto,x86_64,linux,10,219.410090,216.352853,221.914694
1,base64-ng,encode,standard,padded,3,avx2,x86_64,linux,10,197.500118,190.369611,198.868569
1,base64-ng,encode,standard,padded,3,avx512-vbmi,x86_64,linux,10,194.901608,194.256836,195.744017
1,base64-ng,encode,standard,padded,3,scalar,x86_64,linux,10,222.583057,219.802099,223.029797
1,base64-ng,encode,standard,padded,3,ssse3-sse4.1,x86_64,linux,10,196.656505,194.915798,197.607596
1,base64-ng,encode,standard,padded,31,auto,x86_64,linux,10,337.789845,335.871476,339.257210
1,base64-ng,encode,standard,padded,31,avx2,x86_64,linux,10,403.804652,403.281483,404.649609
1,base64-ng,encode,standard,padded,31,avx512-vbmi,x86_64,linux,10,337.651241,336.790819,338.430999
1,base64-ng,encode,standard,padded,31,scalar,x86_64,linux,10,335.851840,328.037345,339.937462
1,base64-ng,encode,standard,padded,31,ssse3-sse4.1,x86_64,linux,10,280.588826,279.363619,283.519250
1,base64-ng,encode,standard,padded,32,auto,x86_64,linux,10,343.185704,340.689936,345.460285
1,base64-ng,encode,standard,padded,32,avx2,x86_64,linux,10,403.992731,400.532789,405.189587
1,base64-ng,encode,standard,padded,32,avx512-vbmi,x86_64,linux,10,339.189757,334.755738,339.934031
1,base64-ng,encode,standard,padded,32,scalar,x86_64,linux,10,343.194616,342.014400,344.796792
1,base64-ng,encode,standard,padded,32,ssse3-sse4.1,x86_64,linux,10,283.361532,281.915296,285.795452
1,base64-ng,encode,standard,padded,47,auto,x86_64,linux,10,350.335186,347.973968,351.974581
1,base64-ng,encode,standard,padded,47,avx2,x86_64,linux,10,389.584113,384.861012,391.338946
1,base64-ng,encode,standard,padded,47,avx512-vbmi,x86_64,linux,10,338.974631,334.377247,345.478597
1,base64-ng,encode,standard,padded,47,scalar,x86_64,linux,10,352.618207,350.501286,353.634402
1,base64-ng,encode,standard,padded,47,ssse3-sse4.1,x86_64,linux,10,282.107488,275.815447,289.656636
1,base64-ng,encode,standard,padded,48,auto,x86_64,linux,10,655.755469,652.431228,659.239874
1,base64-ng,encode,standard,padded,48,avx2,x86_64,linux,10,501.222203,498.075025,504.866712
1,base64-ng,encode,standard,padded,48,avx512-vbmi,x86_64,linux,10,779.646923,768.539549,781.997095
1,base64-ng,encode,standard,padded,48,scalar,x86_64,linux,10,343.791817,342.496615,347.405034
1,base64-ng,encode,standard,padded,48,ssse3-sse4.1,x86_64,linux,10,273.580193,272.678557,276.233303
1,base64-ng,encode,standard,padded,63,auto,x86_64,linux,10,556.083281,550.613591,556.953633
1,base64-ng,encode,standard,padded,63,avx2,x86_64,linux,10,461.430721,459.238653,462.738825
1,base64-ng,encode,standard,padded,63,avx512-vbmi,x86_64,linux,10,615.288556,613.318969,618.766636
1,base64-ng,encode,standard,padded,63,scalar,x86_64,linux,10,948.614751,929.662780,950.607153
1,base64-ng,encode,standard,padded,63,ssse3-sse4.1,x86_64,linux,10,297.228620,293.550405,298.607182
1,base64-ng,encode,standard,padded,64,auto,x86_64,linux,10,548.865944,543.695517,551.614652
1,base64-ng,encode,standard,padded,64,avx2,x86_64,linux,10,457.401591,456.181227,458.748582
1,base64-ng,encode,standard,padded,64,avx512-vbmi,x86_64,linux,10,606.636587,602.412542,609.798114
1,base64-ng,encode,standard,padded,64,scalar,x86_64,linux,10,916.255844,911.981060,916.923940
1,base64-ng,encode,standard,padded,64,ssse3-sse4.1,x86_64,linux,10,300.514871,295.082850,302.381534
1,base64-ng,encode,standard,padded,65536,auto,x86_64,linux,10,1134.035017,1126.578724,1148.823146
1,base64-ng,encode,standard,padded,65536,avx2,x86_64,linux,10,628.351652,625.815320,635.537308
1,base64-ng,encode,standard,padded,65536,avx512-vbmi,x86_64,linux,10,1137.133001,1128.673904,1142.955764
1,base64-ng,encode,standard,padded,65536,scalar,x86_64,linux,10,2202.784485,2155.459266,2230.218796
1,base64-ng,encode,standard,padded,65536,ssse3-sse4.1,x86_64,linux,10,334.288901,332.039293,339.153490
1,base64-ng,encode,standard,unpadded,1,auto,x86_64,linux,10,113.551202,113.319353,113.749774
1,base64-ng,encode,standard,unpadded,1,avx2,x86_64,linux,10,124.358660,123.295368,125.089478
1,base64-ng,encode,standard,unpadded,1,avx512-vbmi,x86_64,linux,10,117.489069,116.060838,117.633652
1,base64-ng,encode,standard,unpadded,1,scalar,x86_64,linux,10,152.663831,151.928426,154.356891
1,base64-ng,encode,standard,unpadded,1,ssse3-sse4.1,x86_64,linux,10,121.491461,121.036746,122.231077
1,base64-ng,encode,standard,unpadded,1024,auto,x86_64,linux,10,1063.260852,1052.703052,1072.017032
1,base64-ng,encode,standard,unpadded,1024,avx2,x86_64,linux,10,614.379890,610.644977,621.882039
1,base64-ng,encode,standard,unpadded,1024,avx512-vbmi,x86_64,linux,10,1080.070633,1062.929972,1088.109681
1,base64-ng,encode,standard,unpadded,1024,scalar,x86_64,linux,10,2006.407473,1991.376345,2048.039847
1,base64-ng,encode,standard,unpadded,1024,ssse3-sse4.1,x86_64,linux,10,323.163350,315.013413,330.460120
1,base64-ng,encode,standard,unpadded,11,auto,x86_64,linux,10,311.936371,300.144421,316.108276
1,base64-ng,encode,standard,unpadded,11,avx2,x86_64,linux,10,295.978708,288.837648,298.268919
1,base64-ng,encode,standard,unpadded,11,avx512-vbmi,x86_64,linux,10,291.687244,286.639716,293.273687
1,base64-ng,encode,standard,unpadded,11,scalar,x86_64,linux,10,311.154033,304.057313,319.247420
1,base64-ng,encode,standard,unpadded,11,ssse3-sse4.1,x86_64,linux,10,297.050272,296.165876,298.730200
1,base64-ng,encode,standard,unpadded,12,auto,x86_64,linux,10,305.404986,300.965029,309.120484
1,base64-ng,encode,standard,unpadded,12,avx2,x86_64,linux,10,307.052706,303.008941,310.308777
1,base64-ng,encode,standard,unpadded,12,avx512-vbmi,x86_64,linux,10,301.234573,295.081916,304.845461
1,base64-ng,encode,standard,unpadded,12,scalar,x86_64,linux,10,320.513869,317.112374,321.627413
1,base64-ng,encode,standard,unpadded,12,ssse3-sse4.1,x86_64,linux,10,211.919849,206.962739,217.804120
1,base64-ng,encode,standard,unpadded,15,auto,x86_64,linux,10,321.551504,318.832894,321.958309
1,base64-ng,encode,standard,unpadded,15,avx2,x86_64,linux,10,318.942809,305.856242,320.797017
1,base64-ng,encode,standard,unpadded,15,avx512-vbmi,x86_64,linux,10,315.294363,313.946456,315.980449
1,base64-ng,encode,standard,unpadded,15,scalar,x86_64,linux,10,329.984082,329.312575,330.772232
1,base64-ng,encode,standard,unpadded,15,ssse3-sse4.1,x86_64,linux,10,233.538629,232.138368,236.381792
1,base64-ng,encode,standard,unpadded,16,auto,x86_64,linux,10,322.436612,318.191046,323.944268
1,base64-ng,encode,standard,unpadded,16,avx2,x86_64,linux,10,321.927226,321.285760,322.295180
1,base64-ng,encode,standard,unpadded,16,avx512-vbmi,x86_64,linux,10,317.550254,316.687550,318.069142
1,base64-ng,encode,standard,unpadded,16,scalar,x86_64,linux,10,329.814775,329.436213,330.237903
1,base64-ng,encode,standard,unpadded,16,ssse3-sse4.1,x86_64,linux,10,238.916162,237.540722,239.860756
1,base64-ng,encode,standard,unpadded,2,auto,x86_64,linux,10,190.941289,190.558212,191.101265
1,base64-ng,encode,standard,unpadded,2,avx2,x86_64,linux,10,186.762129,185.754618,187.400002
1,base64-ng,encode,standard,unpadded,2,avx512-vbmi,x86_64,linux,10,179.424429,179.100968,180.112906
1,base64-ng,encode,standard,unpadded,2,scalar,x86_64,linux,10,219.513089,218.767686,221.437681
1,base64-ng,encode,standard,unpadded,2,ssse3-sse4.1,x86_64,linux,10,186.097506,185.753514,186.791767
1,base64-ng,encode,standard,unpadded,23,auto,x86_64,linux,10,326.211819,314.210581,338.749663
1,base64-ng,encode,standard,unpadded,23,avx2,x86_64,linux,10,330.419535,327.168740,333.031333
1,base64-ng,encode,standard,unpadded,23,avx512-vbmi,x86_64,linux,10,326.100232,323.678386,327.803482
1,base64-ng,encode,standard,unpadded,23,scalar,x86_64,linux,10,325.225911,319.155235,339.567602
1,base64-ng,encode,standard,unpadded,23,ssse3-sse4.1,x86_64,linux,10,265.412834,259.421581,269.946216
1,base64-ng,encode,standard,unpadded,24,auto,x86_64,linux,10,319.766278,303.263073,335.167804
1,base64-ng,encode,standard,unpadded,24,avx2,x86_64,linux,10,419.608698,416.464220,421.821805
1,base64-ng,encode,standard,unpadded,24,avx512-vbmi,x86_64,linux,10,334.702908,334.426920,334.955788
1,base64-ng,encode,standard,unpadded,24,scalar,x86_64,linux,10,331.427071,315.480916,344.682901
1,base64-ng,encode,standard,unpadded,24,ssse3-sse4.1,x86_64,linux,10,261.200709,253.940988,265.077201
1,base64-ng,encode,standard,unpadded,3,auto,x86_64,linux,10,220.265328,213.436324,220.552866
1,base64-ng,encode,standard,unpadded,3,avx2,x86_64,linux,10,201.086816,193.746494,201.905506
1,base64-ng,encode,standard,unpadded,3,avx512-vbmi,x86_64,linux,10,192.572884,187.237630,193.017356
1,base64-ng,encode,standard,unpadded,3,scalar,x86_64,linux,10,224.726892,223.145857,225.507310
1,base64-ng,encode,standard,unpadded,3,ssse3-sse4.1,x86_64,linux,10,199.112831,194.599618,200.046263
1,base64-ng,encode,standard,unpadded,31,auto,x86_64,linux,10,341.096229,338.085340,344.833619
1,base64-ng,encode,standard,unpadded,31,avx2,x86_64,linux,10,405.589277,402.555686,407.488524
1,base64-ng,encode,standard,unpadded,31,avx512-vbmi,x86_64,linux,10,339.072022,336.449689,342.056219
1,base64-ng,encode,standard,unpadded,31,scalar,x86_64,linux,10,347.046970,343.797613,349.565375
1,base64-ng,encode,standard,unpadded,31,ssse3-sse4.1,x86_64,linux,10,279.389397,278.048591,281.788300
1,base64-ng,encode,standard,unpadded,32,auto,x86_64,linux,10,343.443873,336.261838,347.294877
1,base64-ng,encode,standard,unpadded,32,avx2,x86_64,linux,10,406.739644,401.767738,407.507220
1,base64-ng,encode,standard,unpadded,32,avx512-vbmi,x86_64,linux,10,343.119819,340.071828,343.704384
1,base64-ng,encode,standard,unpadded,32,scalar,x86_64,linux,10,347.918425,346.649258,351.309149
1,base64-ng,encode,standard,unpadded,32,ssse3-sse4.1,x86_64,linux,10,281.097163,279.720710,283.761500
1,base64-ng,encode,standard,unpadded,47,auto,x86_64,linux,10,354.271264,350.947068,354.607774
1,base64-ng,encode,standard,unpadded,47,avx2,x86_64,linux,10,393.904013,391.132268,394.309171
1,base64-ng,encode,standard,unpadded,47,avx512-vbmi,x86_64,linux,10,351.655127,351.394972,351.885838
1,base64-ng,encode,standard,unpadded,47,scalar,x86_64,linux,10,357.289823,356.440853,357.463360
1,base64-ng,encode,standard,unpadded,47,ssse3-sse4.1,x86_64,linux,10,280.094892,269.484669,290.855855
1,base64-ng,encode,standard,unpadded,48,auto,x86_64,linux,10,662.197557,657.497296,666.585689
1,base64-ng,encode,standard,unpadded,48,avx2,x86_64,linux,10,487.169052,483.749842,497.614457
1,base64-ng,encode,standard,unpadded,48,avx512-vbmi,x86_64,linux,10,768.757318,753.414249,774.764721
1,base64-ng,encode,standard,unpadded,48,scalar,x86_64,linux,10,354.942088,348.189148,357.448038
1,base64-ng,encode,standard,unpadded,48,ssse3-sse4.1,x86_64,linux,10,272.910372,263.047276,282.184817
1,base64-ng,encode,standard,unpadded,63,auto,x86_64,linux,10,548.140007,539.180690,554.417573
1,base64-ng,encode,standard,unpadded,63,avx2,x86_64,linux,10,463.194934,460.987434,464.547918
1,base64-ng,encode,standard,unpadded,63,avx512-vbmi,x86_64,linux,10,615.367522,613.455640,617.391545
1,base64-ng,encode,standard,unpadded,63,scalar,x86_64,linux,10,949.746287,935.257432,954.046219
1,base64-ng,encode,standard,unpadded,63,ssse3-sse4.1,x86_64,linux,10,288.862835,282.162284,297.202514
1,base64-ng,encode,standard,unpadded,64,auto,x86_64,linux,10,548.228697,542.332877,554.325031
1,base64-ng,encode,standard,unpadded,64,avx2,x86_64,linux,10,459.879947,457.825305,461.250145
1,base64-ng,encode,standard,unpadded,64,avx512-vbmi,x86_64,linux,10,607.685655,593.956757,609.539321
1,base64-ng,encode,standard,unpadded,64,scalar,x86_64,linux,10,926.905721,926.151032,927.493648
1,base64-ng,encode,standard,unpadded,64,ssse3-sse4.1,x86_64,linux,10,290.298158,284.632195,296.132086
1,base64-ng,encode,standard,unpadded,65536,auto,x86_64,linux,10,1134.819468,1120.529786,1142.475230
1,base64-ng,encode,standard,unpadded,65536,avx2,x86_64,linux,10,628.369421,624.650098,637.101037
1,base64-ng,encode,standard,unpadded,65536,avx512-vbmi,x86_64,linux,10,1139.184787,1128.894333,1158.476719
1,base64-ng,encode,standard,unpadded,65536,scalar,x86_64,linux,10,2197.468448,2189.022054,2225.730220
1,base64-ng,encode,standard,unpadded,65536,ssse3-sse4.1,x86_64,linux,10,332.856737,330.728105,335.949456
1,base64-ng,encode,url-safe,padded,1,auto,x86_64,linux,10,113.206386,112.899365,113.480772
1,base64-ng,encode,url-safe,padded,1,avx2,x86_64,linux,10,119.341774,118.876663,120.818648
1,base64-ng,encode,url-safe,padded,1,avx512-vbmi,x86_64,linux,10,115.351199,108.585700,115.773982
1,base64-ng,encode,url-safe,padded,1,scalar,x86_64,linux,10,151.694793,151.238248,152.285033
1,base64-ng,encode,url-safe,padded,1,ssse3-sse4.1,x86_64,linux,10,121.707690,120.861626,122.244405
1,base64-ng,encode,url-safe,padded,1024,auto,x86_64,linux,10,1045.505843,1007.032359,1079.352367
1,base64-ng,encode,url-safe,padded,1024,avx2,x86_64,linux,10,618.202610,598.989804,624.068188
1,base64-ng,encode,url-safe,padded,1024,avx512-vbmi,x86_64,linux,10,1081.292765,1054.777774,1099.763386
1,base64-ng,encode,url-safe,padded,1024,scalar,x86_64,linux,10,2029.070501,2019.867416,2053.623182
1,base64-ng,encode,url-safe,padded,1024,ssse3-sse4.1,x86_64,linux,10,337.555606,336.403775,338.052747
1,base64-ng,encode,url-safe,padded,11,auto,x86_64,linux,10,310.950295,308.148667,311.391562
1,base64-ng,encode,url-safe,padded,11,avx2,x86_64,linux,10,292.367662,290.145741,295.347969
1,base64-ng,encode,url-safe,padded,11,avx512-vbmi,x86_64,linux,10,293.677662,290.451822,296.641810
1,base64-ng,encode,url-safe,padded,11,scalar,x86_64,linux,10,313.080569,312.107008,313.806042
1,base64-ng,encode,url-safe,padded,11,ssse3-sse4.1,x86_64,linux,10,295.996254,291.433479,299.478180
1,base64-ng,encode,url-safe,padded,12,auto,x86_64,linux,10,309.160277,307.943794,310.034780
1,base64-ng,encode,url-safe,padded,12,avx2,x86_64,linux,10,305.087901,304.275816,305.920429
1,base64-ng,encode,url-safe,padded,12,avx512-vbmi,x86_64,linux,10,303.779790,302.733404,304.656580
1,base64-ng,encode,url-safe,padded,12,scalar,x86_64,linux,10,317.531267,315.836964,317.832585
1,base64-ng,encode,url-safe,padded,12,ssse3-sse4.1,x86_64,linux,10,212.986192,210.400794,214.149754
1,base64-ng,encode,url-safe,padded,15,auto,x86_64,linux,10,315.391753,309.467860,320.272285
1,base64-ng,encode,url-safe,padded,15,avx2,x86_64,linux,10,316.013350,315.448430,316.711846
1,base64-ng,encode,url-safe,padded,15,avx512-vbmi,x86_64,linux,10,314.196511,310.724373,314.871992
1,base64-ng,encode,url-safe,padded,15,scalar,x86_64,linux,10,326.315768,325.560847,326.935968
1,base64-ng,encode,url-safe,padded,15,ssse3-sse4.1,x86_64,linux,10,234.776071,233.636476,236.639971
1,base64-ng,encode,url-safe,padded,16,auto,x86_64,linux,10,316.104256,311.265153,317.209898
1,base64-ng,encode,url-safe,padded,16,avx2,x86_64,linux,10,313.742504,301.953883,316.021017
1,base64-ng,encode,url-safe,padded,16,avx512-vbmi,x86_64,linux,10,314.391520,311.106050,315.001233
1,base64-ng,encode,url-safe,padded,16,scalar,x86_64,linux,10,325.118008,321.206916,325.309414
1,base64-ng,encode,url-safe,padded,16,ssse3-sse4.1,x86_64,linux,10,240.494074,233.339025,241.270996
1,base64-ng,encode,url-safe,padded,2,auto,x86_64,linux,10,190.840147,190.476635,191.353784
1,base64-ng,encode,url-safe,padded,2,avx2,x86_64,linux,10,188.701268,175.955411,189.355073
1,base64-ng,encode,url-safe,padded,2,avx512-vbmi,x86_64,linux,10,180.928300,180.637111,181.546728
1,base64-ng,encode,url-safe,padded,2,scalar,x86_64,linux,10,223.281860,222.828055,223.555595
1,base64-ng,encode,url-safe,padded,2,ssse3-sse4.1,x86_64,linux,10,187.808132,187.612306,188.077185
1,base64-ng,encode,url-safe,padded,23,auto,x86_64,linux,10,315.497733,311.117349,327.124753
1,base64-ng,encode,url-safe,padded,23,avx2,x86_64,linux,10,325.144669,322.252442,328.830523
1,base64-ng,encode,url-safe,padded,23,avx512-vbmi,x86_64,linux,10,328.246226,308.516543,330.456765
1,base64-ng,encode,url-safe,padded,23,scalar,x86_64,linux,10,318.287332,308.746795,333.613211
1,base64-ng,encode,url-safe,padded,23,ssse3-sse4.1,x86_64,linux,10,260.518930,255.339928,265.290242
1,base64-ng,encode,url-safe,padded,24,auto,x86_64,linux,10,324.066210,307.015110,336.533788
1,base64-ng,encode,url-safe,padded,24,avx2,x86_64,linux,10,425.178209,420.520063,425.829641
1,base64-ng,encode,url-safe,padded,24,avx512-vbmi,x86_64,linux,10,332.664944,328.566830,333.068216
1,base64-ng,encode,url-safe,padded,24,scalar,x86_64,linux,10,328.219483,316.870557,340.792173
1,base64-ng,encode,url-safe,padded,24,ssse3-sse4.1,x86_64,linux,10,261.981922,257.092270,266.669649
1,base64-ng,encode,url-safe,padded,3,auto,x86_64,linux,10,217.366447,217.072050,217.760653
1,base64-ng,encode,url-safe,padded,3,avx2,x86_64,linux,10,198.872532,198.185338,199.130023
1,base64-ng,encode,url-safe,padded,3,avx512-vbmi,x86_64,linux,10,196.000316,195.626248,196.297112
1,base64-ng,encode,url-safe,padded,3,scalar,x86_64,linux,10,222.380908,221.532600,223.484459
1,base64-ng,encode,url-safe,padded,3,ssse3-sse4.1,x86_64,linux,10,197.869997,197.365410,198.077874
1,base64-ng,encode,url-safe,padded,31,auto,x86_64,linux,10,334.248383,321.261146,340.196364
1,base64-ng,encode,url-safe,padded,31,avx2,x86_64,linux,10,405.777328,401.485758,407.801098
1,base64-ng,encode,url-safe,padded,31,avx512-vbmi,x86_64,linux,10,336.141725,331.868122,337.651294
1,base64-ng,encode,url-safe,padded,31,scalar,x86_64,linux,10,340.196038,338.224531,343.714157
1,base64-ng,encode,url-safe,padded,31,ssse3-sse4.1,x86_64,linux,10,274.880025,260.043706,281.630670
1,base64-ng,encode,url-safe,padded,32,auto,x86_64,linux,10,340.099425,337.156349,343.160830
1,base64-ng,encode,url-safe,padded,32,avx2,x86_64,linux,10,404.212587,399.204744,409.332159
1,base64-ng,encode,url-safe,padded,32,avx512-vbmi,x86_64,linux,10,339.638165,338.741654,340.533024
1,base64-ng,encode,url-safe,padded,32,scalar,x86_64,linux,10,342.866376,341.655550,346.667013
1,base64-ng,encode,url-safe,padded,32,ssse3-sse4.1,x86_64,linux,10,274.970662,264.363322,286.693076
1,base64-ng,encode,url-safe,padded,47,auto,x86_64,linux,10,350.251467,348.840770,350.739258
1,base64-ng,encode,url-safe,padded,47,avx2,x86_64,linux,10,389.902378,387.354161,391.821302
1,base64-ng,encode,url-safe,padded,47,avx512-vbmi,x86_64,linux,10,343.157060,336.952088,347.869955
1,base64-ng,encode,url-safe,padded,47,scalar,x86_64,linux,10,353.108504,352.012123,353.355836
1,base64-ng,encode,url-safe,padded,47,ssse3-sse4.1,x86_64,linux,10,285.270426,280.449063,289.902949
1,base64-ng,encode,url-safe,padded,48,auto,x86_64,linux,10,643.007015,619.972449,653.014915
1,base64-ng,encode,url-safe,padded,48,avx2,x86_64,linux,10,502.777343,497.660890,506.971999
1,base64-ng,encode,url-safe,padded,48,avx512-vbmi,x86_64,linux,10,785.214654,772.520406,792.287358
1,base64-ng,encode,url-safe,padded,48,scalar,x86_64,linux,10,344.830535,341.593996,346.685281
1,base64-ng,encode,url-safe,padded,48,ssse3-sse4.1,x86_64,linux,10,275.881018,268.997843,278.367301
1,base64-ng,encode,url-safe,padded,63,auto,x86_64,linux,10,549.813425,546.984394,554.711046
1,base64-ng,encode,url-safe,padded,63,avx2,x86_64,linux,10,464.559387,458.229762,467.895053
1,base64-ng,encode,url-safe,padded,63,avx512-vbmi,x86_64,linux,10,616.525891,611.678414,617.895200
1,base64-ng,encode,url-safe,padded,63,scalar,x86_64,linux,10,947.254479,931.884730,949.224087
1,base64-ng,encode,url-safe,padded,63,ssse3-sse4.1,x86_64,linux,10,298.959235,297.453627,303.663505
1,base64-ng,encode,url-safe,padded,64,auto,x86_64,linux,10,546.216363,540.709622,547.760168
1,base64-ng,encode,url-safe,padded,64,avx2,x86_64,linux,10,459.851593,457.816397,462.106942
1,base64-ng,encode,url-safe,padded,64,avx512-vbmi,x86_64,linux,10,606.084345,603.154134,608.814292
1,base64-ng,encode,url-safe,padded,64,scalar,x86_64,linux,10,916.064661,914.563323,916.846178
1,base64-ng,encode,url-safe,padded,64,ssse3-sse4.1,x86_64,linux,10,301.830333,292.650971,303.784563
1,base64-ng,encode,url-safe,padded,65536,auto,x86_64,linux,10,1138.312068,1128.642057,1149.140644
1,base64-ng,encode,url-safe,padded,65536,avx2,x86_64,linux,10,635.275709,628.754252,640.586880
1,base64-ng,encode,url-safe,padded,65536,avx512-vbmi,x86_64,linux,10,1148.421090,1128.910263,1156.989606
1,base64-ng,encode,url-safe,padded,65536,scalar,x86_64,linux,10,2203.423650,2200.107475,2230.716294
1,base64-ng,encode,url-safe,padded,65536,ssse3-sse4.1,x86_64,linux,10,340.322149,339.654069,341.550877
1,base64-ng,encode,url-safe,unpadded,1,auto,x86_64,linux,10,113.512383,112.017178,113.604219
1,base64-ng,encode,url-safe,unpadded,1,avx2,x86_64,linux,10,121.887316,120.934551,123.258671
1,base64-ng,encode,url-safe,unpadded,1,avx512-vbmi,x86_64,linux,10,118.575600,117.858730,119.005149
1,base64-ng,encode,url-safe,unpadded,1,scalar,x86_64,linux,10,153.230175,151.464881,155.104733
1,base64-ng,encode,url-safe,unpadded,1,ssse3-sse4.1,x86_64,linux,10,121.929606,121.477516,122.454935
1,base64-ng,encode,url-safe,unpadded,1024,auto,x86_64,linux,10,1072.021608,1051.352802,1076.491445
1,base64-ng,encode,url-safe,unpadded,1024,avx2,x86_64,linux,10,624.277305,619.362159,634.785416
1,base64-ng,encode,url-safe,unpadded,1024,avx512-vbmi,x86_64,linux,10,1084.355522,1075.627070,1093.905497
1,base64-ng,encode,url-safe,unpadded,1024,scalar,x86_64,linux,10,2029.753243,2012.547226,2050.839280
1,base64-ng,encode,url-safe,unpadded,1024,ssse3-sse4.1,x86_64,linux,10,340.023451,334.351433,340.618423
1,base64-ng,encode,url-safe,unpadded,11,auto,x86_64,linux,10,315.944176,313.255259,316.560681
1,base64-ng,encode,url-safe,unpadded,11,avx2,x86_64,linux,10,295.950591,288.921851,301.502334
1,base64-ng,encode,url-safe,unpadded,11,avx512-vbmi,x86_64,linux,10,292.058551,290.697777,294.614811
1,base64-ng,encode,url-safe,unpadded,11,scalar,x86_64,linux,10,315.205049,310.993546,318.425729
1,base64-ng,encode,url-safe,unpadded,11,ssse3-sse4.1,x86_64,linux,10,300.983007,294.464445,304.522474
1,base64-ng,encode,url-safe,unpadded,12,auto,x86_64,linux,10,305.078412,302.968227,306.276452
1,base64-ng,encode,url-safe,unpadded,12,avx2,x86_64,linux,10,309.452383,309.012759,310.066071
1,base64-ng,encode,url-safe,unpadded,12,avx512-vbmi,x86_64,linux,10,304.038866,303.675439,304.456786
1,base64-ng,encode,url-safe,unpadded,12,scalar,x86_64,linux,10,319.957692,314.981039,321.133759
1,base64-ng,encode,url-safe,unpadded,12,ssse3-sse4.1,x86_64,linux,10,214.974745,207.644102,216.671360
1,base64-ng,encode,url-safe,unpadded,15,auto,x86_64,linux,10,320.923634,316.172615,321.119013
1,base64-ng,encode,url-safe,unpadded,15,avx2,x86_64,linux,10,319.760788,315.590068,321.118008
1,base64-ng,encode,url-safe,unpadded,15,avx512-vbmi,x86_64,linux,10,315.965195,315.615244,316.561708
1,base64-ng,encode,url-safe,unpadded,15,scalar,x86_64,linux,10,328.765706,325.369568,330.086314
1,base64-ng,encode,url-safe,unpadded,15,ssse3-sse4.1,x86_64,linux,10,236.867964,231.092856,239.349903
1,base64-ng,encode,url-safe,unpadded,16,auto,x86_64,linux,10,322.414394,321.130198,324.651002
1,base64-ng,encode,url-safe,unpadded,16,avx2,x86_64,linux,10,321.248148,317.762545,322.778034
1,base64-ng,encode,url-safe,unpadded,16,avx512-vbmi,x86_64,linux,10,317.914599,317.059489,319.004375
1,base64-ng,encode,url-safe,unpadded,16,scalar,x86_64,linux,10,329.110324,327.196169,330.890096
1,base64-ng,encode,url-safe,unpadded,16,ssse3-sse4.1,x86_64,linux,10,235.389201,234.474656,241.333707
1,base64-ng,encode,url-safe,unpadded,2,auto,x86_64,linux,10,191.149071,181.573487,191.300047
1,base64-ng,encode,url-safe,unpadded,2,avx2,x86_64,linux,10,187.133931,186.653700,187.469677
1,base64-ng,encode,url-safe,unpadded,2,avx512-vbmi,x86_64,linux,10,179.343419,178.991043,179.694907
1,base64-ng,encode,url-safe,unpadded,2,scalar,x86_64,linux,10,224.695576,224.271277,224.981154
1,base64-ng,encode,url-safe,unpadded,2,ssse3-sse4.1,x86_64,linux,10,186.761083,185.753143,187.339476
1,base64-ng,encode,url-safe,unpadded,23,auto,x86_64,linux,10,324.705174,314.096123,337.520249
1,base64-ng,encode,url-safe,unpadded,23,avx2,x86_64,linux,10,332.903031,324.920969,337.036981
1,base64-ng,encode,url-safe,unpadded,23,avx512-vbmi,x86_64,linux,10,324.570945,318.447049,330.887827
1,base64-ng,encode,url-safe,unpadded,23,scalar,x86_64,linux,10,330.236199,319.548874,341.928452
1,base64-ng,encode,url-safe,unpadded,23,ssse3-sse4.1,x86_64,linux,10,271.717883,264.941130,272.912292
1,base64-ng,encode,url-safe,unpadded,24,auto,x86_64,linux,10,318.203581,302.062843,329.941881
1,base64-ng,encode,url-safe,unpadded,24,avx2,x86_64,linux,10,420.073859,418.172852,420.926608
1,base64-ng,encode,url-safe,unpadded,24,avx512-vbmi,x86_64,linux,10,334.244344,333.226096,335.205216
1,base64-ng,encode,url-safe,unpadded,24,scalar,x86_64,linux,10,325.651156,309.273735,341.875707
1,base64-ng,encode,url-safe,unpadded,24,ssse3-sse4.1,x86_64,linux,10,263.408610,257.021269,266.526150
1,base64-ng,encode,url-safe,unpadded,3,auto,x86_64,linux,10,221.142595,220.894019,221.699414
1,base64-ng,encode,url-safe,unpadded,3,avx2,x86_64,linux,10,201.556574,200.671077,202.149836
1,base64-ng,encode,url-safe,unpadded,3,avx512-vbmi,x86_64,linux,10,192.658665,192.078251,193.174153
1,base64-ng,encode,url-safe,unpadded,3,scalar,x86_64,linux,10,224.939261,224.425894,225.414870
1,base64-ng,encode,url-safe,unpadded,3,ssse3-sse4.1,x86_64,linux,10,199.876070,199.701449,200.265023
1,base64-ng,encode,url-safe,unpadded,31,auto,x86_64,linux,10,341.337635,339.542224,344.972770
1,base64-ng,encode,url-safe,unpadded,31,avx2,x86_64,linux,10,407.680417,406.619093,410.504764
1,base64-ng,encode,url-safe,unpadded,31,avx512-vbmi,x86_64,linux,10,341.279936,340.965732,341.777745
1,base64-ng,encode,url-safe,unpadded,31,scalar,x86_64,linux,10,345.803850,344.890527,349.480011
1,base64-ng,encode,url-safe,unpadded,31,ssse3-sse4.1,x86_64,linux,10,277.651598,272.225085,284.524619
1,base64-ng,encode,url-safe,unpadded,32,auto,x86_64,linux,10,344.100482,341.170590,346.793487
1,base64-ng,encode,url-safe,unpadded,32,avx2,x86_64,linux,10,405.025650,397.489733,407.686148
1,base64-ng,encode,url-safe,unpadded,32,avx512-vbmi,x86_64,linux,10,343.075797,340.742553,343.268820
1,base64-ng,encode,url-safe,unpadded,32,scalar,x86_64,linux,10,348.767260,343.472882,351.081775
1,base64-ng,encode,url-safe,unpadded,32,ssse3-sse4.1,x86_64,linux,10,281.974991,276.832721,283.984133
1,base64-ng,encode,url-safe,unpadded,47,auto,x86_64,linux,10,354.214056,353.921863,354.336179
1,base64-ng,encode,url-safe,unpadded,47,avx2,x86_64,linux,10,394.703669,392.637871,395.549559
1,base64-ng,encode,url-safe,unpadded,47,avx512-vbmi,x86_64,linux,10,351.566058,350.878294,352.165811
1,base64-ng,encode,url-safe,unpadded,47,scalar,x86_64,linux,10,356.994821,354.631102,357.342425
1,base64-ng,encode,url-safe,unpadded,47,ssse3-sse4.1,x86_64,linux,10,282.424350,278.288761,296.164004
1,base64-ng,encode,url-safe,unpadded,48,auto,x86_64,linux,10,651.017297,636.124122,663.245865
1,base64-ng,encode,url-safe,unpadded,48,avx2,x86_64,linux,10,492.102879,473.763835,502.140034
1,base64-ng,encode,url-safe,unpadded,48,avx512-vbmi,x86_64,linux,10,766.509519,758.151245,770.110945
1,base64-ng,encode,url-safe,unpadded,48,scalar,x86_64,linux,10,357.211701,356.446615,357.403548
1,base64-ng,encode,url-safe,unpadded,48,ssse3-sse4.1,x86_64,linux,10,277.972155,276.183618,282.751995
1,base64-ng,encode,url-safe,unpadded,63,auto,x86_64,linux,10,543.858518,537.179870,550.482953
1,base64-ng,encode,url-safe,unpadded,63,avx2,x86_64,linux,10,452.400890,435.790468,469.056048
1,base64-ng,encode,url-safe,unpadded,63,avx512-vbmi,x86_64,linux,10,609.803958,603.336879,620.762849
1,base64-ng,encode,url-safe,unpadded,63,scalar,x86_64,linux,10,943.597089,915.261923,951.180191
1,base64-ng,encode,url-safe,unpadded,63,ssse3-sse4.1,x86_64,linux,10,296.059983,293.233418,304.441757
1,base64-ng,encode,url-safe,unpadded,64,auto,x86_64,linux,10,544.325307,540.841512,550.427407
1,base64-ng,encode,url-safe,unpadded,64,avx2,x86_64,linux,10,462.193959,459.930774,464.000089
1,base64-ng,encode,url-safe,unpadded,64,avx512-vbmi,x86_64,linux,10,608.504496,595.942673,610.681429
1,base64-ng,encode,url-safe,unpadded,64,scalar,x86_64,linux,10,928.148996,921.850791,929.380554
1,base64-ng,encode,url-safe,unpadded,64,ssse3-sse4.1,x86_64,linux,10,300.334946,294.382873,302.381534
1,base64-ng,encode,url-safe,unpadded,65536,auto,x86_64,linux,10,1126.945489,1105.659595,1143.649856
1,base64-ng,encode,url-safe,unpadded,65536,avx2,x86_64,linux,10,637.768343,632.724178,639.908160
1,base64-ng,encode,url-safe,unpadded,65536,avx512-vbmi,x86_64,linux,10,1149.281140,1138.074952,1153.199697
1,base64-ng,encode,url-safe,unpadded,65536,scalar,x86_64,linux,10,2205.378521,2161.656218,2220.196909
1,base64-ng,encode,url-safe,unpadded,65536,ssse3-sse4.1,x86_64,linux,10,339.953837,329.734664,345.627446
1,base64ct-1.8.3,decode,standard,padded,1,external,x86_64,linux,10,37.179984,36.790907,37.834582
1,base64ct-1.8.3,decode,standard,padded,1024,external,x86_64,linux,10,857.941878,848.706953,861.584510
1,base64ct-1.8.3,decode,standard,padded,11,external,x86_64,linux,10,295.015298,293.575418,296.575937
1,base64ct-1.8.3,decode,standard,padded,12,external,x86_64,linux,10,441.964376,423.741023,442.946909
1,base64ct-1.8.3,decode,standard,padded,15,external,x86_64,linux,10,493.213482,484.902802,495.049094
1,base64ct-1.8.3,decode,standard,padded,16,external,x86_64,linux,10,382.813989,375.155725,385.809651
1,base64ct-1.8.3,decode,standard,padded,2,external,x86_64,linux,10,70.312455,68.394020,71.736111
1,base64ct-1.8.3,decode,standard,padded,23,external,x86_64,linux,10,446.982465,437.981148,455.900874
1,base64ct-1.8.3,decode,standard,padded,24,external,x86_64,linux,10,575.612932,565.957304,584.038963
1,base64ct-1.8.3,decode,standard,padded,3,external,x86_64,linux,10,172.954597,171.304885,173.668839
1,base64ct-1.8.3,decode,standard,padded,31,external,x86_64,linux,10,530.749824,527.815046,531.699373
1,base64ct-1.8.3,decode,standard,padded,32,external,x86_64,linux,10,524.351490,521.339603,527.395771
1,base64ct-1.8.3,decode,standard,padded,47,external,x86_64,linux,10,593.076784,583.734767,597.840902
1,base64ct-1.8.3,decode,standard,padded,48,external,x86_64,linux,10,699.174760,698.377321,700.864808
1,base64ct-1.8.3,decode,standard,padded,63,external,x86_64,linux,10,737.239039,734.844597,739.902647
1,base64ct-1.8.3,decode,standard,padded,64,external,x86_64,linux,10,664.446750,663.520804,665.616989
1,base64ct-1.8.3,decode,standard,padded,65536,external,x86_64,linux,10,879.615838,876.327801,882.737191
1,base64ct-1.8.3,decode,standard,unpadded,1,external,x86_64,linux,10,40.496331,39.670106,40.628198
1,base64ct-1.8.3,decode,standard,unpadded,1024,external,x86_64,linux,10,861.535240,859.410904,864.739968
1,base64ct-1.8.3,decode,standard,unpadded,11,external,x86_64,linux,10,292.881104,290.270851,295.765257
1,base64ct-1.8.3,decode,standard,unpadded,12,external,x86_64,linux,10,423.814657,421.532289,425.051517
1,base64ct-1.8.3,decode,standard,unpadded,15,external,x86_64,linux,10,474.097283,472.666407,475.227460
1,base64ct-1.8.3,decode,standard,unpadded,16,external,x86_64,linux,10,396.586748,395.497733,400.296219
1,base64ct-1.8.3,decode,standard,unpadded,2,external,x86_64,linux,10,69.727757,69.566658,69.898918
1,base64ct-1.8.3,decode,standard,unpadded,23,external,x86_64,linux,10,449.366863,437.929696,460.313546
1,base64ct-1.8.3,decode,standard,unpadded,24,external,x86_64,linux,10,564.428322,546.363824,576.326401
1,base64ct-1.8.3,decode,standard,unpadded,3,external,x86_64,linux,10,161.474525,159.005092,162.113711
1,base64ct-1.8.3,decode,standard,unpadded,31,external,x86_64,linux,10,540.345865,535.351815,542.176225
1,base64ct-1.8.3,decode,standard,unpadded,32,external,x86_64,linux,10,531.764038,529.783642,536.592813
1,base64ct-1.8.3,decode,standard,unpadded,47,external,x86_64,linux,10,609.506122,604.055062,613.787419
1,base64ct-1.8.3,decode,standard,unpadded,48,external,x86_64,linux,10,685.443817,679.632763,690.445840
1,base64ct-1.8.3,decode,standard,unpadded,63,external,x86_64,linux,10,724.473057,713.216095,728.639265
1,base64ct-1.8.3,decode,standard,unpadded,64,external,x86_64,linux,10,664.407250,661.726985,665.775637
1,base64ct-1.8.3,decode,standard,unpadded,65536,external,x86_64,linux,10,879.839825,877.228764,883.186448
1,base64ct-1.8.3,decode,url-safe,padded,1,external,x86_64,linux,10,37.915894,37.384477,38.242617
1,base64ct-1.8.3,decode,url-safe,padded,1024,external,x86_64,linux,10,864.993914,862.684744,866.293828
1,base64ct-1.8.3,decode,url-safe,padded,11,external,x86_64,linux,10,296.015205,294.517868,296.689204
1,base64ct-1.8.3,decode,url-safe,padded,12,external,x86_64,linux,10,442.808049,439.004222,444.431577
1,base64ct-1.8.3,decode,url-safe,padded,15,external,x86_64,linux,10,495.035700,494.158691,496.372344
1,base64ct-1.8.3,decode,url-safe,padded,16,external,x86_64,linux,10,384.599390,377.621044,387.278183
1,base64ct-1.8.3,decode,url-safe,padded,2,external,x86_64,linux,10,71.359586,71.114233,71.628144
1,base64ct-1.8.3,decode,url-safe,padded,23,external,x86_64,linux,10,447.481937,438.102225,456.996196
1,base64ct-1.8.3,decode,url-safe,padded,24,external,x86_64,linux,10,574.488150,566.359497,592.557237
1,base64ct-1.8.3,decode,url-safe,padded,3,external,x86_64,linux,10,174.540651,174.263286,175.040292
1,base64ct-1.8.3,decode,url-safe,padded,31,external,x86_64,linux,10,530.963440,521.128143,532.763620
1,base64ct-1.8.3,decode,url-safe,padded,32,external,x86_64,linux,10,526.837371,524.660967,527.611144
1,base64ct-1.8.3,decode,url-safe,padded,47,external,x86_64,linux,10,596.843297,582.687655,598.581311
1,base64ct-1.8.3,decode,url-safe,padded,48,external,x86_64,linux,10,697.968967,694.898426,700.511926
1,base64ct-1.8.3,decode,url-safe,padded,63,external,x86_64,linux,10,735.369124,733.765512,736.167135
1,base64ct-1.8.3,decode,url-safe,padded,64,external,x86_64,linux,10,662.341881,656.906891,664.165309
1,base64ct-1.8.3,decode,url-safe,padded,65536,external,x86_64,linux,10,881.469384,877.585587,883.285912
1,base64ct-1.8.3,decode,url-safe,unpadded,1,external,x86_64,linux,10,40.451027,39.985061,40.567896
1,base64ct-1.8.3,decode,url-safe,unpadded,1024,external,x86_64,linux,10,863.439526,843.656703,868.228335
1,base64ct-1.8.3,decode,url-safe,unpadded,11,external,x86_64,linux,10,292.670848,287.854044,296.291778
1,base64ct-1.8.3,decode,url-safe,unpadded,12,external,x86_64,linux,10,424.275767,423.076450,425.558537
1,base64ct-1.8.3,decode,url-safe,unpadded,15,external,x86_64,linux,10,475.646964,471.887587,476.805271
1,base64ct-1.8.3,decode,url-safe,unpadded,16,external,x86_64,linux,10,396.550543,393.723109,400.288608
1,base64ct-1.8.3,decode,url-safe,unpadded,2,external,x86_64,linux,10,69.864603,69.522653,70.262954
1,base64ct-1.8.3,decode,url-safe,unpadded,23,external,x86_64,linux,10,448.819893,439.601445,456.706033
1,base64ct-1.8.3,decode,url-safe,unpadded,24,external,x86_64,linux,10,564.888641,553.731659,574.809639
1,base64ct-1.8.3,decode,url-safe,unpadded,3,external,x86_64,linux,10,161.881507,161.175726,162.037959
1,base64ct-1.8.3,decode,url-safe,unpadded,31,external,x86_64,linux,10,540.727114,538.981349,547.212318
1,base64ct-1.8.3,decode,url-safe,unpadded,32,external,x86_64,linux,10,535.089860,527.881862,542.004539
1,base64ct-1.8.3,decode,url-safe,unpadded,47,external,x86_64,linux,10,609.816967,607.358634,612.801858
1,base64ct-1.8.3,decode,url-safe,unpadded,48,external,x86_64,linux,10,685.208430,668.590556,688.055304
1,base64ct-1.8.3,decode,url-safe,unpadded,63,external,x86_64,linux,10,730.048204,725.919479,731.738882
1,base64ct-1.8.3,decode,url-safe,unpadded,64,external,x86_64,linux,10,667.145472,662.138522,673.168804
1,base64ct-1.8.3,decode,url-safe,unpadded,65536,external,x86_64,linux,10,876.959175,869.347691,884.524644
1,base64ct-1.8.3,encode,standard,padded,1,external,x86_64,linux,10,120.621981,118.098183,121.787156
1,base64ct-1.8.3,encode,standard,padded,1024,external,x86_64,linux,10,2924.502581,2891.397658,2930.059480
1,base64ct-1.8.3,encode,standard,padded,11,external,x86_64,linux,10,884.427608,881.964230,899.680610
1,base64ct-1.8.3,encode,standard,padded,12,external,x86_64,linux,10,1343.724427,1337.994079,1346.886227
1,base64ct-1.8.3,encode,standard,padded,15,external,x86_64,linux,10,1443.614988,1231.679879,1456.009607
1,base64ct-1.8.3,encode,standard,padded,16,external,x86_64,linux,10,1061.858291,1058.648603,1072.771739
1,base64ct-1.8.3,encode,standard,padded,2,external,x86_64,linux,10,233.261531,224.973448,236.259585
1,base64ct-1.8.3,encode,standard,padded,23,external,x86_64,linux,10,1288.191463,1276.646506,1295.369199
1,base64ct-1.8.3,encode,standard,padded,24,external,x86_64,linux,10,1609.063120,1597.774268,1623.483758
1,base64ct-1.8.3,encode,standard,padded,3,external,x86_64,linux,10,576.714913,570.514959,578.973703
1,base64ct-1.8.3,encode,standard,padded,31,external,x86_64,linux,10,1313.587087,1228.935242,1400.305402
1,base64ct-1.8.3,encode,standard,padded,32,external,x86_64,linux,10,1344.248585,1265.310254,1431.696105
1,base64ct-1.8.3,encode,standard,padded,47,external,x86_64,linux,10,1507.631136,1462.826303,1521.436058
1,base64ct-1.8.3,encode,standard,padded,48,external,x86_64,linux,10,1734.901048,1669.274811,1741.939684
1,base64ct-1.8.3,encode,standard,padded,63,external,x86_64,linux,10,2506.188678,2472.613990,2519.074023
1,base64ct-1.8.3,encode,standard,padded,64,external,x86_64,linux,10,2118.625428,2088.264683,2134.406798
1,base64ct-1.8.3,encode,standard,padded,65536,external,x86_64,linux,10,3001.093466,2974.528370,3018.287047
1,base64ct-1.8.3,encode,standard,unpadded,1,external,x86_64,linux,10,163.448660,163.038829,164.010133
1,base64ct-1.8.3,encode,standard,unpadded,1024,external,x86_64,linux,10,2923.813386,2864.800058,2970.256593
1,base64ct-1.8.3,encode,standard,unpadded,11,external,x86_64,linux,10,1050.938259,1023.132324,1058.689623
1,base64ct-1.8.3,encode,standard,unpadded,12,external,x86_64,linux,10,1088.469305,1078.217528,1092.781674
1,base64ct-1.8.3,encode,standard,unpadded,15,external,x86_64,linux,10,1213.665335,1200.507150,1219.129682
1,base64ct-1.8.3,encode,standard,unpadded,16,external,x86_64,linux,10,1237.990740,1233.599297,1241.366297
1,base64ct-1.8.3,encode,standard,unpadded,2,external,x86_64,linux,10,316.111738,315.319175,317.513161
1,base64ct-1.8.3,encode,standard,unpadded,23,external,x86_64,linux,10,1427.248090,1411.744605,1433.134598
1,base64ct-1.8.3,encode,standard,unpadded,24,external,x86_64,linux,10,1426.430707,1384.451902,1437.292914
1,base64ct-1.8.3,encode,standard,unpadded,3,external,x86_64,linux,10,409.644797,405.250369,411.082483
1,base64ct-1.8.3,encode,standard,unpadded,31,external,x86_64,linux,10,1402.633008,1302.680001,1535.381042
1,base64ct-1.8.3,encode,standard,unpadded,32,external,x86_64,linux,10,1479.361535,1379.148652,1580.769621
1,base64ct-1.8.3,encode,standard,unpadded,47,external,x86_64,linux,10,1650.878506,1641.658097,1658.537208
1,base64ct-1.8.3,encode,standard,unpadded,48,external,x86_64,linux,10,1591.091551,1579.412883,1604.987333
1,base64ct-1.8.3,encode,standard,unpadded,63,external,x86_64,linux,10,2309.573416,2259.250390,2324.248243
1,base64ct-1.8.3,encode,standard,unpadded,64,external,x86_64,linux,10,2317.419574,2288.538997,2329.872696
1,base64ct-1.8.3,encode,standard,unpadded,65536,external,x86_64,linux,10,3001.950101,2983.375884,3032.018877
1,base64ct-1.8.3,encode,url-safe,padded,1,external,x86_64,linux,10,122.578782,122.050337,122.956849
1,base64ct-1.8.3,encode,url-safe,padded,1024,external,x86_64,linux,10,2927.750824,2902.938790,2960.916641
1,base64ct-1.8.3,encode,url-safe,padded,11,external,x86_64,linux,10,895.547120,888.895745,900.433196
1,base64ct-1.8.3,encode,url-safe,padded,12,external,x86_64,linux,10,1332.991132,1314.755444,1345.855245
1,base64ct-1.8.3,encode,url-safe,padded,15,external,x86_64,linux,10,1447.869353,1420.417378,1462.474401
1,base64ct-1.8.3,encode,url-safe,padded,16,external,x86_64,linux,10,1071.331432,1066.083022,1077.403640
1,base64ct-1.8.3,encode,url-safe,padded,2,external,x86_64,linux,10,236.099138,235.715577,237.294215
1,base64ct-1.8.3,encode,url-safe,padded,23,external,x86_64,linux,10,1279.520884,1273.990536,1288.982978
1,base64ct-1.8.3,encode,url-safe,padded,24,external,x86_64,linux,10,1631.554939,1618.298143,1634.497485
1,base64ct-1.8.3,encode,url-safe,padded,3,external,x86_64,linux,10,578.482508,577.323569,580.029275
1,base64ct-1.8.3,encode,url-safe,padded,31,external,x86_64,linux,10,1282.861246,1234.402899,1398.681736
1,base64ct-1.8.3,encode,url-safe,padded,32,external,x86_64,linux,10,1347.112529,1263.948062,1436.988073
1,base64ct-1.8.3,encode,url-safe,padded,47,external,x86_64,linux,10,1522.074762,1507.203764,1531.768921
1,base64ct-1.8.3,encode,url-safe,padded,48,external,x86_64,linux,10,1738.556125,1727.655175,1743.574464
1,base64ct-1.8.3,encode,url-safe,padded,63,external,x86_64,linux,10,2512.376880,2488.535424,2529.881007
1,base64ct-1.8.3,encode,url-safe,padded,64,external,x86_64,linux,10,2093.938547,2077.333950,2128.477000
1,base64ct-1.8.3,encode,url-safe,padded,65536,external,x86_64,linux,10,3004.410508,2983.932271,3023.774426
1,base64ct-1.8.3,encode,url-safe,unpadded,1,external,x86_64,linux,10,162.456124,161.978240,163.049821
1,base64ct-1.8.3,encode,url-safe,unpadded,1024,external,x86_64,linux,10,2907.231394,2887.361154,2929.630281
1,base64ct-1.8.3,encode,url-safe,unpadded,11,external,x86_64,linux,10,1057.573587,1046.350818,1065.143488
1,base64ct-1.8.3,encode,url-safe,unpadded,12,external,x86_64,linux,10,1079.510395,1073.122412,1082.858572
1,base64ct-1.8.3,encode,url-safe,unpadded,15,external,x86_64,linux,10,1212.883455,1201.569547,1215.940320
1,base64ct-1.8.3,encode,url-safe,unpadded,16,external,x86_64,linux,10,1238.791676,1208.762683,1244.357229
1,base64ct-1.8.3,encode,url-safe,unpadded,2,external,x86_64,linux,10,313.539950,301.815769,316.151126
1,base64ct-1.8.3,encode,url-safe,unpadded,23,external,x86_64,linux,10,1423.705686,1361.985560,1433.365696
1,base64ct-1.8.3,encode,url-safe,unpadded,24,external,x86_64,linux,10,1430.297834,1373.993886,1441.834980
1,base64ct-1.8.3,encode,url-safe,unpadded,3,external,x86_64,linux,10,400.653216,398.840157,409.431528
1,base64ct-1.8.3,encode,url-safe,unpadded,31,external,x86_64,linux,10,1434.859131,1340.856502,1534.301524
1,base64ct-1.8.3,encode,url-safe,unpadded,32,external,x86_64,linux,10,1470.443786,1378.449052,1576.954389
1,base64ct-1.8.3,encode,url-safe,unpadded,47,external,x86_64,linux,10,1651.371965,1642.124474,1656.837606
1,base64ct-1.8.3,encode,url-safe,unpadded,48,external,x86_64,linux,10,1595.396834,1591.018642,1605.187642
1,base64ct-1.8.3,encode,url-safe,unpadded,63,external,x86_64,linux,10,2312.061085,2299.629494,2328.477706
1,base64ct-1.8.3,encode,url-safe,unpadded,64,external,x86_64,linux,10,2325.219426,2292.928494,2342.381171
1,base64ct-1.8.3,encode,url-safe,unpadded,65536,external,x86_64,linux,10,3002.794528,2882.608646,3037.623242
